Season_End_Year,Squad,Comp,Player,Nation,Age,MP_Playing,Starts_Playing,Min_Playing,Mins_Per_90_Playing,Gls,Ast,G_minus_PK,PK,PKatt,CrdY,CrdR,Gls_Per,Ast_Per,G+A_Per,G_minus_PK_Per,G+A_minus_PK_Per,xG_Expected,npxG_Expected,xA_Expected,npxG+xA_Expected,xG_Per,xA_Per,xG+xA_Per,npxG_Per,npxG+xA_Per,TmPos,Mins_Per_90,Gls_Standard,Sh_Standard,SoT_Standard,SoT_percent_Standard,Sh_per_90_Standard,SoT_per_90_Standard,G_per_Sh_Standard,G_per_SoT_Standard,Dist_Standard,FK_Standard,PK_Standard,PKatt_Standard,npxG_per_Sh_Expected,G_minus_xG_Expected,np:G_minus_xG_Expected,Cmp_Total,Att_Total,Cmp_percent_Total,TotDist_Total,PrgDist_Total,Cmp_Short,Att_Short,Cmp_percent_Short,Cmp_Medium,Att_Medium,Cmp_percent_Medium,Cmp_Long,Att_Long,Cmp_percent_Long,xA,A_minus_xA,KP,Final_Third,PPA,CrsPA,Prog,Att,Live_Pass,Dead_Pass,FK_Pass,TB_Pass,Press_Pass,Sw_Pass,Crs_Pass,CK_Pass,In_Corner,Out_Corner,Str_Corner,Ground_Height,Low_Height,High_Height,Left_Body,Right_Body,Head_Body,TI_Body,Other_Body,Cmp_Outcomes,Off_Outcomes,Out_Outcomes,Int_Outcomes,Blocks_Outcomes,SCA_SCA,SCA90_SCA,PassLive_SCA,PassDead_SCA,Drib_SCA,Sh_SCA,Fld_SCA,Def_SCA,GCA_GCA,GCA90_GCA,PassLive_GCA,PassDead_GCA,Drib_GCA,Sh_GCA,Fld_GCA,Def_GCA,Tkl_Tackles,TklW_Tackles,Def 3rd_Tackles,Mid 3rd_Tackles,Att 3rd_Tackles,Tkl_Vs,Att_Vs,Tkl_percent_Vs,Past_Vs,Press_Pressures,Succ_Pressures,_percent_Pressures,Def 3rd_Pressures,Mid 3rd_Pressures,Att 3rd_Pressures,Blocks_Blocks,Sh_Blocks,ShSv_Blocks,Pass_Blocks,Int,Tkl+Int,Clr,Err,Touches_Touches,Def Pen_Touches,Def 3rd_Touches,Mid 3rd_Touches,Att 3rd_Touches,Att Pen_Touches,Live_Touches,Succ_Dribbles,Att_Dribbles,Succ_percent_Dribbles,#Pl_Dribbles,Megs_Dribbles,Carries_Carries,TotDist_Carries,PrgDist_Carries,Prog_Carries,Final_Third_Carries,CPA_Carries,Mis_Carries,Dis_Carries,Targ_Receiving,Rec_Receiving,Rec_percent_Receiving,Prog_Receiving,MP_Playing.Time,Min_Playing.Time,Mn_per_MP_Playing.Time,Min_percent_Playing.Time,Mins_Per_90_Playing.Time,Starts_Starts,Mn_per_Start_Starts,Compl_Starts,Subs_Subs,Mn_per_Sub_Subs,unSub_Subs,PPM_Team.Success,onG_Team.Success,onGA_Team.Success,plus_per__minus__Team.Success,plus_per__minus_90_Team.Success,On_minus_Off_Team.Success,onxG_Team.Success..xG.,onxGA_Team.Success..xG,xGplus_per__minus__Team.Success..xG,xGplus_per__minus_90_Team.Success..xG,On_minus_Off_Team.Success..xG,2CrdY,Fls,Fld,Off,Crs,TklW,PKwon,PKcon,OG,Recov,Won_Aerial,Lost_Aerial,Won_percent_Aerial
2022,Arsenal,Premier League,Gabriel Dos Santos,BRA,23,35,35,3063,34,5,0,5,0,0,8,1,0.15,0,0.15,0.15,0.15,2.7,2.7,0.8,3.5,0.08,0.02,0.1,0.08,0.1,Centre-Back,34,5,30,12,40,0.88,0.35,0.17,0.42,11,0,0,0,0.09,2.3,2.3,1796,2002,89.7,37056,10032,535,565,94.7,1002,1054,95.1,239,350,68.3,0.8,-0.8,8,111,1,0,83,2002,1943,59,36,1,178,38,4,0,0,0,0,1652,136,214,1748,144,65,4,10,1796,6,29,25,13,22,0.65,20,0,0,1,0,1,1,0.03,1,0,0,0,0,0,57,37,39,14,4,23,35,65.7,12,222,86,38.7,131,77,14,49,28,0,21,39,96,117,3,2300,370,1195,1174,107,42,2248,3,3,100,3,0,1610,9846,5517,144,24,0,8,3,1745,1705,97.7,8,35,3063,88,89.6,34,35,88,31,0,NA,0,1.97,61,37,24,0.71,3.48,57.5,36.7,20.8,0.61,2.63,1,24,43,1,4,37,0,0,0,250,68,38,64.2
2022,Arsenal,Premier League,Rob Holding,ENG,25,15,9,845,9.4,1,0,1,0,0,4,1,0.11,0,0.11,0.11,0.11,0.3,0.3,0,0.3,0.03,0,0.03,0.03,0.03,Centre-Back,9.4,1,4,1,25,0.43,0.11,0.25,1,6.8,0,0,0,0.07,0.7,0.7,418,474,88.2,8635,2113,118,129,91.5,239,253,94.5,57,84,67.9,0,0,0,17,0,0,14,474,458,16,7,0,62,10,0,0,0,0,0,372,34,68,59,374,22,7,1,418,0,9,7,5,3,0.32,3,0,0,0,0,0,0,0,0,0,0,0,0,0,12,7,10,1,1,5,8,62.5,3,62,19,30.6,35,23,4,25,18,0,7,15,27,50,0,579,94,298,289,19,6,564,1,3,33.3,1,0,350,1599,783,16,2,0,1,3,373,364,97.6,0,15,845,56,24.7,9.4,9,84,8,6,16,21,2.07,18,14,4,0.43,0.11,13.9,12.6,1.4,0.14,-0.25,1,9,4,0,0,7,0,0,0,88,28,21,57.1
2022,Arsenal,Premier League,Takehiro Tomiyasu,JPN,22,21,20,1679,18.7,0,1,0,0,0,2,0,0,0.05,0.05,0,0.05,0.8,0.8,0.6,1.4,0.04,0.03,0.08,0.04,0.08,Centre-Back,18.7,0,11,2,18.2,0.59,0.11,0,0,16.1,0,0,0,0.08,-0.8,-0.8,883,1085,81.4,15671,5400,404,455,88.8,376,458,82.1,89,138,64.5,0.6,0.4,12,74,17,13,55,1085,926,159,18,2,122,23,27,0,0,0,0,669,215,201,257,568,73,141,4,883,3,19,23,18,30,1.61,25,1,0,0,0,4,4,0.21,3,0,0,0,0,1,38,17,19,12,7,16,30,53.3,14,221,70,31.7,90,97,34,37,3,0,34,36,74,48,1,1305,74,410,660,313,21,1151,7,15,46.7,9,0,718,3336,1848,73,27,2,19,15,811,750,92.5,29,21,1679,80,49.1,18.7,20,84,16,1,1,1,1.95,30,20,10,0.54,0.38,27.7,22.8,4.8,0.26,-0.15,0,20,14,0,27,17,0,0,0,197,57,51,52.8
2022,Arsenal,Premier League,Ben White,ENG,23,32,32,2880,32,0,0,0,0,0,3,0,0,0,0,0,0,1,1,0.6,1.6,0.03,0.02,0.05,0.03,0.05,Centre-Back,32,0,12,3,25,0.37,0.09,0,0,14.1,0,0,0,0.08,-1,-1,1538,1793,85.8,31146,9415,512,558,91.8,816,883,92.4,197,315,62.5,0.6,-0.6,9,121,6,0,90,1793,1730,63,41,2,193,41,4,0,0,0,0,1361,144,288,171,1464,95,22,2,1538,4,32,36,19,25,0.78,18,1,0,4,1,1,1,0.03,1,0,0,0,0,0,42,23,27,11,4,19,43,44.2,24,252,82,32.5,134,95,23,54,26,0,28,66,108,114,0,2111,251,1015,1123,131,21,2051,7,16,43.8,8,2,1388,7856,4466,100,19,2,9,11,1442,1428,99,3,32,2880,90,84.2,32,32,90,32,0,NA,2,1.88,52,35,17,0.53,1.2,52.3,35.2,17.1,0.53,1.25,0,22,29,0,4,23,0,1,1,302,68,45,60.2
2022,Aston Villa,Premier League,Ezri Konsa,ENG,23,29,29,2477,27.5,2,0,2,0,0,6,2,0.07,0,0.07,0.07,0.07,1.5,1.5,0.3,1.7,0.05,0.01,0.06,0.05,0.06,Centre-Back,27.5,2,15,6,40,0.55,0.22,0.13,0.33,7,0,0,0,0.1,0.5,0.5,850,971,87.5,16866,5122,261,286,91.3,464,497,93.4,111,166,66.9,0.3,-0.3,4,26,0,0,33,971,927,44,35,0,113,17,1,0,0,0,0,748,86,137,91,784,49,7,7,850,0,20,18,9,10,0.36,8,0,0,1,0,1,0,0,0,0,0,0,0,0,26,14,15,10,1,7,13,53.8,6,179,64,35.8,106,60,13,43,22,0,21,45,71,81,2,1205,215,708,490,72,35,1170,6,8,75,6,0,725,3197,1679,29,8,0,9,8,794,757,95.3,7,29,2477,85,72.4,27.5,29,85,24,0,NA,3,1.21,36,41,-5,-0.18,-0.47,30.4,37.9,-7.5,-0.27,-0.51,1,17,38,1,1,14,0,1,0,183,60,43,58.3
2022,Aston Villa,Premier League,Tyrone Mings,ENG,28,36,35,3189,35.4,1,3,1,0,0,11,0,0.03,0.08,0.11,0.03,0.11,1.4,1.4,1.5,2.9,0.04,0.04,0.08,0.04,0.08,Centre-Back,35.4,1,21,5,23.8,0.59,0.14,0.05,0.2,12.4,0,0,0,0.07,-0.4,-0.4,1272,1580,80.5,28303,10048,334,390,85.6,697,768,90.8,232,394,58.9,1.5,1.5,10,76,6,1,75,1580,1507,73,53,2,162,37,4,0,0,0,0,1089,131,360,1158,254,98,18,2,1272,3,37,29,19,26,0.73,20,0,0,3,2,1,4,0.11,3,0,0,1,0,0,36,21,23,8,5,11,21,52.4,10,203,66,32.5,113,67,23,70,34,3,36,78,114,181,2,1960,376,1203,759,125,55,1893,9,11,81.8,9,0,1096,6873,3659,67,15,1,7,3,1231,1178,95.7,10,36,3189,89,93.2,35.4,35,90,35,1,39,0,1.22,49,49,0,0,0.78,41.8,46.8,-5,-0.14,-0.08,0,29,27,1,4,21,0,1,0,314,95,49,66
2022,Brentford,Premier League,Kristoffer Ajer,NOR,23,24,23,1995,22.2,1,3,1,0,0,5,0,0.05,0.14,0.18,0.05,0.18,0.8,0.8,1.4,2.2,0.04,0.06,0.1,0.04,0.1,Centre-Back,22.2,1,7,1,14.3,0.32,0.05,0.14,1,9.1,0,0,0,0.11,0.2,0.2,629,873,72.1,11601,5267,245,296,82.8,295,370,79.7,74,153,48.4,1.4,1.6,6,48,10,1,75,873,721,152,8,0,138,15,12,0,0,0,0,449,217,207,42,577,63,144,2,629,4,23,33,40,28,1.26,20,4,1,1,1,1,6,0.27,3,1,1,0,1,0,40,22,25,12,3,20,36,55.6,16,206,73,35.4,107,70,29,36,13,1,23,49,89,81,1,1108,117,462,534,184,31,959,11,17,64.7,11,0,562,3385,2047,73,27,2,13,11,595,534,89.7,18,24,1995,83,58.3,22.2,23,85,17,1,45,3,1.29,29,32,-3,-0.14,0.18,29.6,29.8,-0.3,-0.01,0.05,0,18,19,0,12,22,0,0,0,186,63,38,62.4
2022,Brentford,Premier League,Mads Bech Sørensen,DEN,22,11,9,835,9.3,0,0,0,0,0,3,0,0,0,0,0,0,0.1,0.1,0.4,0.5,0.01,0.04,0.05,0.01,0.05,Centre-Back,9.3,0,2,0,0,0.22,0,0,NA,10.5,0,0,0,0.04,-0.1,-0.1,387,500,77.4,7991,3011,130,153,85,188,222,84.7,65,110,59.1,0.4,-0.4,7,21,4,3,15,500,425,75,4,0,37,3,19,0,0,0,0,326,44,130,331,61,28,71,0,387,1,7,12,12,9,0.97,4,5,0,0,0,0,0,0,0,0,0,0,0,0,12,7,10,2,0,5,6,83.3,1,73,29,39.7,45,22,6,10,6,0,4,9,21,28,0,562,79,298,225,72,8,487,0,0,NA,0,0,297,1789,1118,20,5,0,1,1,332,323,97.3,3,11,835,76,24.4,9.3,9,83,7,2,45,14,1.45,9,14,-5,-0.54,-0.43,12.2,12.7,-0.5,-0.05,-0.02,0,9,4,0,19,7,0,1,0,99,14,10,58.3
2022,Brentford,Premier League,Pontus Jansson,SWE,30,37,37,3321,36.9,3,1,3,0,0,7,0,0.08,0.03,0.11,0.08,0.11,2.9,2.9,0.5,3.4,0.08,0.01,0.09,0.08,0.09,Centre-Back,36.9,3,23,10,43.5,0.62,0.27,0.13,0.3,8.2,0,0,0,0.13,0.1,0.1,1188,1449,82,25071,6720,330,389,84.8,669,767,87.2,181,268,67.5,0.5,0.5,4,35,0,0,53,1449,1393,56,40,0,148,17,1,0,0,0,0,1007,161,281,139,1061,153,15,4,1188,5,19,26,11,15,0.41,7,0,0,7,1,0,4,0.11,1,0,0,2,1,0,36,25,27,8,1,17,36,47.2,19,204,75,36.8,120,71,13,56,27,0,29,69,105,208,2,1840,423,1173,675,64,49,1786,3,4,75,4,0,880,4387,1998,34,0,1,8,3,1051,996,94.8,4,37,3321,90,97.1,36.9,37,90,36,0,NA,0,1.16,46,56,-10,-0.27,-2.09,45.9,48.5,-2.6,-0.07,-1.31,0,20,12,5,1,25,1,0,0,374,131,82,61.5
2022,Brentford,Premier League,Ethan Pinnock,JAM,28,32,32,2694,29.9,1,1,1,0,0,1,0,0.03,0.03,0.07,0.03,0.07,1.5,1.5,1.2,2.8,0.05,0.04,0.09,0.05,0.09,Centre-Back,29.9,1,18,8,44.4,0.6,0.27,0.06,0.13,9,0,0,0,0.08,-0.5,-0.5,1180,1555,75.9,23816,8986,398,463,86,590,746,79.1,179,313,57.2,1.2,-0.2,10,67,7,3,58,1555,1316,239,41,0,196,19,28,0,0,0,0,844,269,442,989,117,154,197,3,1180,7,21,30,17,20,0.67,14,3,0,3,0,0,3,0.1,1,1,0,1,0,0,63,38,46,15,2,20,36,55.6,16,281,102,36.3,167,94,20,49,13,0,36,56,119,175,1,1925,307,1046,725,224,55,1694,5,8,62.5,6,0,800,4048,2209,39,8,0,13,7,1007,960,95.3,13,32,2694,84,78.8,29.9,32,84,28,0,NA,0,1.13,35,43,-8,-0.27,-0.27,35.9,38.2,-2.3,-0.08,-0.2,0,12,19,1,28,38,0,0,0,349,151,71,68
2022,Brighton,Premier League,Dan Burn,ENG,29,13,12,1022,11.4,1,0,1,0,0,4,0,0.09,0,0.09,0.09,0.09,1.3,1.3,0,1.3,0.11,0,0.12,0.11,0.12,Centre-Back,11.4,1,7,3,42.9,0.62,0.26,0.14,0.33,7.4,0,0,0,0.18,-0.3,-0.3,507,623,81.4,11085,2931,124,151,82.1,276,312,88.5,100,145,69,0,0,1,43,2,0,36,623,604,19,12,1,55,13,1,0,0,0,0,463,47,113,497,59,38,6,2,507,2,11,16,9,5,0.44,4,0,0,1,0,0,0,0,0,0,0,0,0,0,24,15,12,8,4,6,18,33.3,12,141,46,32.6,61,64,16,29,12,0,17,32,56,52,2,772,101,393,361,64,12,754,1,2,50,1,0,465,2347,1210,27,9,0,6,3,518,497,95.9,2,13,1022,79,29.9,11.4,12,83,10,1,21,2,1.31,10,12,-2,-0.18,-0.18,12.4,15.5,-3.2,-0.28,-0.42,0,18,3,0,1,15,0,0,0,100,40,20,66.7
2022,Brighton,Premier League,Shane Duffy,IRL,29,18,15,1436,16,1,0,1,0,0,7,0,0.06,0,0.06,0.06,0.06,1.3,1.3,0.1,1.5,0.08,0.01,0.09,0.08,0.09,Centre-Back,16,1,21,5,23.8,1.32,0.31,0.05,0.2,9.4,0,0,0,0.06,-0.3,-0.3,894,1007,88.8,20678,5681,171,184,92.9,541,578,93.6,180,237,75.9,0.1,-0.1,3,55,2,0,35,1007,987,20,12,0,82,26,0,0,0,0,0,791,64,152,71,839,57,7,3,894,1,16,13,6,8,0.5,6,0,0,2,0,0,2,0.13,1,0,0,1,0,0,16,9,12,1,3,5,13,38.5,8,85,19,22.4,50,31,4,35,19,1,16,18,34,91,1,1192,193,722,468,61,26,1172,2,2,100,2,0,704,2879,1502,28,6,0,3,1,859,840,97.8,2,18,1436,80,42,16,15,90,15,3,29,12,1.39,15,19,-4,-0.25,-0.34,16.2,18.1,-1.9,-0.12,-0.23,0,20,7,1,0,9,0,0,0,152,81,23,77.9
2022,Brighton,Premier League,Lewis Dunk,ENG,29,29,29,2573,28.6,1,0,1,0,0,3,1,0.03,0,0.03,0.03,0.03,1.2,1.2,0.2,1.4,0.04,0.01,0.05,0.04,0.05,Centre-Back,28.6,1,19,7,36.8,0.66,0.24,0.05,0.14,10,0,0,0,0.06,-0.2,-0.2,1676,1881,89.1,39331,10816,370,399,92.7,916,964,95,374,490,76.3,0.2,-0.2,2,85,2,1,54,1881,1823,58,53,1,140,48,6,0,0,0,0,1490,129,262,121,1638,59,4,16,1676,2,29,35,12,15,0.52,11,1,0,3,0,0,2,0.07,1,1,0,0,0,0,20,11,9,10,1,6,13,46.2,7,125,48,38.4,74,41,10,42,27,0,15,46,66,119,3,2123,330,1245,912,86,32,2067,5,6,83.3,6,0,1374,7109,3353,41,10,0,7,4,1575,1548,98.3,1,29,2573,89,75.2,28.6,29,89,28,0,NA,1,1.38,32,32,0,0,0.21,35.9,33.7,2.1,0.07,0.26,0,8,6,0,6,11,0,0,0,257,91,44,67.4
2022,Brighton,Premier League,Adam Webster,ENG,26,22,16,1434,15.9,2,0,2,0,0,5,0,0.13,0,0.13,0.13,0.13,1.1,1.1,0.1,1.2,0.07,0,0.08,0.07,0.08,Centre-Back,15.9,2,9,2,22.2,0.56,0.13,0.22,1,9.2,0,0,0,0.16,0.9,0.9,933,1135,82.2,20125,7296,255,292,87.3,519,567,91.5,149,252,59.1,0.1,-0.1,1,99,1,0,73,1135,1104,31,17,0,136,35,4,0,0,0,0,818,92,225,231,781,59,14,6,933,1,21,27,15,10,0.63,10,0,0,0,0,0,1,0.06,1,0,0,0,0,0,23,13,15,6,2,12,22,54.5,10,118,45,38.1,69,41,8,35,18,0,17,25,48,81,2,1313,139,679,633,114,16,1283,7,8,87.5,7,1,824,4998,3122,76,22,2,4,4,920,908,98.7,3,22,1434,65,41.9,15.9,16,81,13,6,22,4,1.73,21,20,1,0.06,0.2,18.4,18,0.4,0.03,0.02,0,18,3,0,4,13,0,0,0,185,66,18,78.6
2022,Burnley,Premier League,Nathan Collins,IRL,20,19,18,1670,18.6,2,0,2,0,0,2,1,0.11,0,0.11,0.11,0.11,1.6,1.6,0.9,2.5,0.08,0.05,0.14,0.08,0.14,Centre-Back,18.6,2,15,5,33.3,0.81,0.27,0.13,0.4,8.4,0,0,0,0.1,0.4,0.4,463,642,72.1,10217,3911,133,171,77.8,226,273,82.8,95,181,52.5,0.9,-0.9,7,41,5,1,45,642,615,27,11,2,102,23,4,0,0,0,0,339,81,222,48,458,69,16,1,463,2,25,12,5,17,0.92,10,2,1,3,1,0,1,0.05,1,0,0,0,0,0,30,23,24,4,2,9,23,39.1,14,161,54,33.5,103,46,12,48,26,1,22,37,67,102,1,874,151,449,378,84,38,849,3,8,37.5,4,0,392,2338,1001,26,6,1,7,4,399,372,93.2,8,19,1670,88,48.8,18.6,18,90,17,1,51,17,1.05,17,25,-8,-0.43,0.13,21.8,26.6,-4.7,-0.26,0.41,0,20,14,4,4,23,0,1,0,231,83,44,65.4
2022,Burnley,Premier League,Ben Mee,ENG,31,21,21,1839,20.4,3,0,3,0,0,3,0,0.15,0,0.15,0.15,0.15,1.8,1.8,0.1,1.9,0.09,0,0.09,0.09,0.09,Centre-Back,20.4,3,18,4,22.2,0.88,0.2,0.17,0.75,8,0,0,0,0.11,1.2,1.2,539,734,73.4,13349,5065,140,160,87.5,245,295,83.1,148,259,57.1,0.1,-0.1,2,54,3,1,47,734,707,27,23,0,122,40,3,0,0,0,0,363,80,291,515,94,73,4,3,539,3,19,13,14,8,0.39,5,0,0,2,1,0,0,0,0,0,0,0,0,0,27,16,15,9,3,11,22,50,11,109,39,35.8,61,42,6,40,26,1,14,35,62,122,0,974,146,494,467,50,28,947,4,6,66.7,5,0,474,2388,1029,19,1,0,4,5,472,452,95.8,3,21,1839,88,53.8,20.4,21,88,20,0,NA,0,0.9,20,25,-5,-0.24,0.55,17.9,28.8,-10.9,-0.53,-0.14,0,14,8,2,3,16,0,0,1,243,92,37,71.3
2022,Burnley,Premier League,James Tarkowski,ENG,28,35,35,3106,34.5,1,2,1,0,0,11,0,0.03,0.06,0.09,0.03,0.09,2,2,0.6,2.6,0.06,0.02,0.08,0.06,0.08,Centre-Back,34.5,1,23,6,26.1,0.67,0.17,0.04,0.17,10.6,0,0,0,0.09,-1,-1,802,1120,71.6,20232,7971,197,258,76.4,365,471,77.5,231,371,62.3,0.6,1.4,9,82,13,0,92,1120,1100,20,16,1,193,68,2,0,0,0,0,503,147,470,131,707,168,4,3,802,4,42,28,10,23,0.67,20,0,0,2,0,1,2,0.06,2,0,0,0,0,0,71,42,52,18,1,32,57,56.1,25,261,94,36,176,73,12,92,63,3,29,72,143,216,5,1588,308,843,686,114,67,1570,7,9,77.8,7,0,601,2909,1319,23,6,0,13,4,744,691,92.9,12,35,3106,89,90.8,34.5,35,89,34,0,NA,0,0.89,30,51,-21,-0.61,-1.18,36.3,52.5,-16.2,-0.47,-0.02,0,34,22,2,2,42,0,0,1,377,171,78,68.7
2022,Chelsea,Premier League,Trevoh Chalobah,ENG,22,20,17,1449,16.1,3,1,3,0,0,2,0,0.19,0.06,0.25,0.19,0.25,1,1,0.2,1.2,0.06,0.01,0.08,0.06,0.08,Centre-Back,16.1,3,9,7,77.8,0.56,0.43,0.33,0.43,18.4,0,0,0,0.11,2,2,1138,1239,91.8,20653,5698,449,475,94.5,586,616,95.1,98,136,72.1,0.2,0.8,3,103,6,0,54,1239,1206,33,25,2,109,8,3,0,0,0,0,1051,76,112,52,1096,57,8,5,1138,1,7,15,7,7,0.43,7,0,0,0,0,0,1,0.06,1,0,0,0,0,0,38,21,16,18,4,20,30,66.7,10,165,60,36.4,64,86,15,20,9,1,11,33,71,65,1,1425,77,500,846,155,10,1395,11,15,73.3,11,0,1040,3946,1900,69,31,0,1,6,1075,1053,98,2,20,1449,72,42.4,16.1,17,82,13,3,20,13,2.3,38,9,29,1.8,1.16,29.2,12.8,16.4,1.02,0.34,0,22,16,0,3,21,0,1,0,161,35,25,58.3
2022,Chelsea,Premier League,Andreas Christensen,DEN,25,19,17,1496,16.6,0,0,0,0,0,2,0,0,0,0,0,0,0.4,0.4,0.2,0.7,0.03,0.01,0.04,0.03,0.04,Centre-Back,16.6,0,5,0,0,0.3,0,0,NA,19.6,0,0,0,0.08,-0.4,-0.4,1166,1276,91.4,23812,6931,377,402,93.8,590,628,93.9,188,227,82.8,0.2,-0.2,5,94,7,1,69,1276,1229,47,32,1,149,20,2,0,0,0,0,1063,88,125,79,1110,40,14,4,1166,0,10,17,8,8,0.48,7,0,1,0,0,0,0,0,0,0,0,0,0,0,18,12,11,4,3,10,15,66.7,5,148,51,34.5,84,52,12,30,9,0,21,52,70,87,1,1451,160,675,780,78,6,1407,6,6,100,6,0,988,4427,2387,61,17,0,2,1,1047,1032,98.6,2,19,1496,79,43.7,16.6,17,85,15,2,28,9,2.21,38,11,27,1.62,0.88,26.9,16,10.9,0.66,-0.29,0,13,7,0,2,12,0,0,0,168,60,37,61.9
2022,Chelsea,Premier League,Antonio Rüdiger,GER,28,34,34,3035,33.7,3,0,3,0,0,9,0,0.09,0,0.09,0.09,0.09,2.8,2.8,1.1,3.9,0.08,0.03,0.12,0.08,0.12,Centre-Back,33.7,3,48,13,27.1,1.42,0.39,0.06,0.23,19.5,0,0,0,0.06,0.2,0.2,2162,2447,88.4,46177,13796,656,697,94.1,1137,1210,94,356,504,70.6,1.1,-1.1,13,220,29,4,161,2447,2390,57,45,4,239,84,14,0,0,0,0,1924,153,370,651,1678,67,12,5,2162,9,31,42,20,39,1.16,34,0,1,2,2,0,8,0.24,5,0,0,1,2,0,53,28,30,21,2,30,46,65.2,16,294,92,31.3,146,115,33,41,13,0,28,43,96,110,1,2759,226,1090,1564,313,49,2705,6,10,60,7,1,2007,9572,5631,187,63,3,9,18,2197,2143,97.5,17,34,3035,89,88.7,33.7,34,89,33,0,NA,1,1.91,68,27,41,1.22,0.75,61.1,30.3,30.8,0.91,0.8,0,41,16,0,14,28,2,0,0,284,67,30,69.1
2022,Chelsea,Premier League,Thiago Silva,BRA,36,32,28,2650,29.4,3,0,3,0,0,2,0,0.1,0,0.1,0.1,0.1,0.9,0.9,0.2,1.1,0.03,0.01,0.04,0.03,0.04,Centre-Back,29.4,3,18,5,27.8,0.61,0.17,0.17,0.6,10.7,0,0,0,0.05,2.1,2.1,2345,2524,92.9,50070,17549,697,721,96.7,1232,1280,96.3,398,489,81.4,0.2,-0.2,7,192,16,0,134,2524,2470,54,48,3,201,46,1,0,0,0,0,2033,185,306,223,2164,91,3,4,2345,5,14,29,12,26,0.88,21,0,0,3,1,1,1,0.03,0,0,0,0,1,0,36,23,18,15,3,11,25,44,14,173,57,32.9,101,66,6,65,31,3,34,65,101,114,0,2813,391,1331,1607,81,24,2761,4,6,66.7,5,1,1944,11337,6931,205,24,1,6,3,2157,2121,98.3,4,32,2650,83,77.5,29.4,28,88,26,4,49,4,1.81,59,28,31,1.05,-0.35,55.8,28.6,27.1,0.92,0.44,0,13,15,1,1,23,1,0,0,307,68,32,68
2022,Crystal Palace,Premier League,Joachim Andersen,DEN,25,34,32,2916,32.4,0,3,0,0,0,4,0,0,0.09,0.09,0,0.09,0.6,0.6,1.8,2.3,0.02,0.05,0.07,0.02,0.07,Centre-Back,32.4,0,8,3,37.5,0.25,0.09,0,0,14,1,0,0,0.07,-0.6,-0.6,1813,2197,82.5,47245,14431,326,367,88.8,962,1034,93,518,779,66.5,1.8,1.2,19,159,12,3,93,2197,2115,82,74,2,186,110,14,1,0,0,1,1454,157,586,183,1839,111,4,7,1813,5,55,52,14,33,1.02,29,1,0,1,0,2,5,0.15,4,0,0,1,0,0,36,23,26,10,0,14,28,50,14,157,58,36.9,95,55,7,41,21,0,20,60,96,156,2,2508,490,1555,1010,85,33,2427,6,8,75,6,0,1582,8962,4315,64,5,2,2,8,1808,1788,98.9,2,34,2916,86,85.3,32.4,32,90,31,2,22,0,1.32,44,37,7,0.22,0.75,40.4,35,5.4,0.17,0.16,0,19,8,1,14,23,0,0,1,287,84,43,66.1
2022,Crystal Palace,Premier League,Marc Guéhi,ENG,21,36,36,3222,35.8,2,1,2,0,0,4,0,0.06,0.03,0.08,0.06,0.08,1.9,1.9,0.5,2.4,0.05,0.01,0.07,0.05,0.07,Centre-Back,35.8,2,18,5,27.8,0.5,0.14,0.11,0.4,10.3,0,0,0,0.1,0.1,0.1,1988,2273,87.5,43238,14169,522,561,93,1156,1239,93.3,297,448,66.3,0.5,0.5,5,121,2,0,99,2273,2209,64,59,0,178,83,2,0,0,0,0,1757,143,373,642,1485,97,5,2,1988,5,21,40,8,21,0.59,18,0,0,2,0,1,2,0.06,1,0,0,1,0,0,33,22,23,9,1,11,17,64.7,6,223,91,40.8,142,70,11,46,29,0,17,58,91,143,0,2581,422,1545,1118,85,30,2525,12,15,80,12,0,1780,9225,5052,99,21,1,8,5,1868,1858,99.5,2,36,3222,90,94.2,35.8,36,90,35,0,NA,1,1.25,49,43,6,0.17,1.08,45.1,37.6,7.5,0.21,1.17,0,19,37,0,2,22,0,1,0,340,85,58,59.4
2022,Crystal Palace,Premier League,Cheikhou Kouyaté,SEN,31,27,23,1974,21.9,0,1,0,0,0,3,0,0,0.05,0.05,0,0.05,0.6,0.6,0.7,1.3,0.03,0.03,0.06,0.03,0.06,Centre-Back,21.9,0,8,0,0,0.36,0,0,NA,19.2,0,0,0,0.07,-0.6,-0.6,657,789,83.3,11232,2837,297,346,85.8,278,327,85,61,86,70.9,0.7,0.3,4,40,3,1,43,789,770,19,17,0,125,7,5,0,0,0,0,574,87,128,54,641,47,2,7,657,0,6,24,10,17,0.78,14,0,2,0,0,1,1,0.05,1,0,0,0,0,0,60,34,32,26,2,15,34,44.1,19,393,115,29.3,193,177,23,59,17,0,42,45,105,54,0,1064,86,403,589,115,8,1046,13,20,65,14,0,596,2341,1041,23,6,0,24,18,573,534,93.2,6,27,1974,73,57.7,21.9,23,83,14,4,19,6,1.33,27,28,-1,-0.05,-0.36,24.4,26.3,-1.9,-0.09,-0.54,0,37,30,0,5,34,0,0,0,259,56,27,67.5
2022,Everton,Premier League,Ben Godfrey,ENG,23,23,23,2029,22.5,0,0,0,0,0,6,0,0,0,0,0,0,1.1,1.1,0.7,1.9,0.05,0.03,0.08,0.05,0.08,Centre-Back,22.5,0,18,6,33.3,0.8,0.27,0,0,16.7,0,0,0,0.06,-1.1,-1.1,605,788,76.8,11557,3925,216,257,84,307,380,80.8,70,122,57.4,0.7,-0.7,13,43,13,7,39,788,680,108,16,0,87,9,14,0,0,0,0,488,118,182,53,555,57,92,4,605,1,28,20,21,31,1.38,24,2,1,2,0,2,2,0.09,1,0,0,1,0,0,53,26,29,19,5,16,30,53.3,14,266,89,33.5,134,109,23,48,20,0,28,48,101,98,3,1062,146,496,462,165,29,957,6,10,60,7,0,509,2932,1476,43,23,1,9,9,560,514,91.8,16,23,2029,88,59.3,22.5,23,88,21,0,NA,1,0.83,21,39,-18,-0.8,-0.47,23.5,31,-7.5,-0.33,-0.06,0,17,14,0,14,26,0,0,0,161,51,36,58.6
2022,Everton,Premier League,Mason Holgate,ENG,24,25,23,2134,23.7,2,1,2,0,0,7,1,0.08,0.04,0.13,0.08,0.13,1.1,1.1,0.1,1.1,0.05,0,0.05,0.05,0.05,Centre-Back,23.7,2,7,2,28.6,0.3,0.08,0.29,1,9.8,0,0,0,0.15,0.9,0.9,564,803,70.2,13333,4394,147,181,81.2,271,344,78.8,137,260,52.7,0.1,0.9,2,40,2,0,38,803,742,61,35,0,115,38,3,0,0,0,0,437,72,294,119,540,72,25,3,564,3,28,18,10,3,0.13,3,0,0,0,0,0,1,0.04,1,0,0,0,0,0,44,26,31,12,1,14,30,46.7,16,231,78,33.8,142,74,15,30,19,2,11,42,86,127,0,1058,176,558,498,55,14,998,1,2,50,1,0,456,2506,1214,21,5,0,2,8,515,498,96.7,1,25,2134,85,62.4,23.7,23,90,22,2,34,10,1.08,29,42,-13,-0.55,0.15,27.4,35.4,-7.9,-0.33,-0.07,0,28,17,0,3,26,0,0,1,234,76,35,68.5
2022,Everton,Premier League,Michael Keane,ENG,28,32,31,2792,31,3,2,3,0,0,4,1,0.1,0.06,0.16,0.1,0.16,1.2,1.2,0.6,1.8,0.04,0.02,0.06,0.04,0.06,Centre-Back,31,3,20,6,30,0.64,0.19,0.15,0.5,11.9,0,0,0,0.06,1.8,1.8,896,1154,77.6,21069,7053,264,311,84.9,402,473,85,221,350,63.1,0.6,1.4,4,76,5,0,73,1154,1125,29,29,1,179,45,0,0,0,0,0,707,137,310,214,758,104,0,2,896,1,30,22,11,14,0.45,9,2,0,3,0,0,1,0.03,1,0,0,0,0,0,49,35,35,12,2,25,43,58.1,18,228,93,40.8,131,81,16,51,32,0,19,62,111,149,2,1486,242,801,694,61,29,1459,5,7,71.4,5,0,749,4121,1856,48,7,0,7,3,809,782,96.7,6,32,2792,87,81.6,31,31,88,29,1,73,4,1.09,36,55,-19,-0.61,-0.04,33.2,45.4,-12.2,-0.39,-0.46,1,17,11,1,0,35,0,0,2,321,121,72,62.7
2022,Everton,Premier League,Yerry Mina,COL,26,13,11,846,9.4,0,0,0,0,0,3,0,0,0,0,0,0,0.3,0.3,0,0.3,0.03,0,0.03,0.03,0.03,Centre-Back,9.4,0,6,1,16.7,0.64,0.11,0,0,9.2,0,0,0,0.05,-0.3,-0.3,289,353,81.9,6235,1788,86,100,86,130,151,86.1,60,82,73.2,0,0,0,15,0,0,12,353,345,8,5,0,69,13,2,0,0,0,0,251,44,58,54,243,35,3,1,289,1,8,6,8,3,0.32,2,0,0,0,0,1,0,0,0,0,0,0,0,0,17,12,17,0,0,9,14,64.3,5,70,30,42.9,48,19,3,19,11,1,8,10,27,47,1,459,102,273,179,24,13,451,0,1,0,1,0,246,1284,566,7,0,0,3,1,269,255,94.8,4,13,846,65,24.7,9.4,11,73,8,2,23,1,1.62,12,10,2,0.21,1.09,12.7,9.9,2.8,0.3,0.81,0,9,9,1,2,12,0,0,0,85,38,17,69.1
2022,Leeds United,Premier League,Liam Cooper,SCO,29,21,21,1814,20.2,0,1,0,0,0,5,0,0,0.05,0.05,0,0.05,0.3,0.3,0.1,0.4,0.02,0,0.02,0.02,0.02,Centre-Back,20.2,0,5,1,20,0.25,0.05,0,0,10.2,0,0,0,0.06,-0.3,-0.3,958,1123,85.3,20675,6397,254,283,89.8,542,581,93.3,152,238,63.9,0.1,0.9,3,34,0,0,44,1123,1085,38,33,0,120,28,1,0,0,0,0,809,116,198,847,129,87,5,11,958,2,20,16,13,9,0.45,7,0,0,1,1,0,2,0.1,1,0,0,1,0,0,35,18,21,13,1,15,27,55.6,12,201,74,36.8,123,75,3,32,18,0,14,40,75,117,3,1352,196,893,495,31,12,1316,3,3,100,3,0,760,4090,2294,20,2,0,6,3,823,808,98.2,2,21,1814,86,53,20.2,21,86,20,0,NA,1,1.19,20,26,-6,-0.3,1.44,24.4,32.5,-8.1,-0.4,0.43,0,19,13,2,1,18,0,1,0,253,92,43,68.1
2022,Leeds United,Premier League,Robin Koch,GER,25,20,17,1574,17.5,0,0,0,0,0,3,0,0,0,0,0,0,0.7,0.7,0.5,1.3,0.04,0.03,0.07,0.04,0.07,Centre-Back,17.5,0,12,1,8.3,0.69,0.06,0,0,14.8,0,0,0,0.06,-0.7,-0.7,531,681,78,10668,3199,175,214,81.8,266,316,84.2,79,121,65.3,0.5,-0.5,6,33,6,0,37,681,658,23,8,0,129,15,2,0,0,0,0,430,95,156,66,513,44,15,3,531,1,11,22,16,18,1.03,16,0,0,1,1,0,1,0.06,1,0,0,0,0,0,31,20,15,11,5,12,36,33.3,24,299,100,33.4,135,131,33,33,11,1,22,34,65,46,0,862,116,400,397,95,17,840,4,5,80,4,0,426,1558,702,20,7,1,10,7,536,495,92.4,14,20,1574,79,46,17.5,17,85,15,3,42,1,1.05,21,40,-19,-1.09,-0.21,21.4,31,-9.6,-0.55,0.1,0,25,11,0,2,20,0,0,0,168,54,47,53.5
2022,Leeds United,Premier League,Diego Llorente,ESP,27,28,28,2340,26,3,0,3,0,0,7,0,0.12,0,0.12,0.12,0.12,1.4,1.4,0.1,1.4,0.05,0,0.05,0.05,0.05,Centre-Back,26,3,10,3,30,0.38,0.12,0.3,1,8.9,0,0,0,0.14,1.6,1.6,1108,1344,82.4,24633,7293,251,287,87.5,652,718,90.8,193,305,63.3,0.1,-0.1,2,69,5,0,70,1344,1299,45,35,2,194,38,2,0,0,0,0,955,141,248,310,925,65,9,8,1108,2,35,37,24,6,0.23,6,0,0,0,0,0,0,0,0,0,0,0,0,0,56,35,38,16,2,30,53,56.6,23,361,140,38.8,208,140,13,61,19,0,42,61,117,104,1,1645,262,997,729,50,13,1603,9,11,81.8,9,1,993,7259,4603,56,6,0,7,12,1031,1003,97.3,2,28,2340,84,68.4,26,28,84,24,0,NA,2,1.18,27,44,-17,-0.65,1.01,29.6,45.3,-15.7,-0.61,0,0,29,27,0,2,35,0,0,0,275,64,64,50
2022,Leeds United,Premier League,Pascal Struijk,NED,21,29,22,2055,22.8,1,0,1,0,0,6,1,0.04,0,0.04,0.04,0.04,1.3,1.3,0.3,1.6,0.06,0.01,0.07,0.06,0.07,Centre-Back,22.8,1,11,3,27.3,0.48,0.13,0.09,0.33,7.8,0,0,0,0.12,-0.3,-0.3,1059,1213,87.3,22171,6139,325,356,91.3,564,605,93.2,162,227,71.4,0.3,-0.3,6,60,2,0,72,1213,1163,50,29,0,143,32,0,0,0,0,0,925,128,160,905,202,54,21,3,1059,3,19,30,17,19,0.83,13,0,0,2,1,3,2,0.09,0,0,0,1,0,1,68,35,42,22,4,28,50,56,22,387,140,36.2,202,158,27,57,27,0,30,63,131,82,3,1502,207,851,635,95,15,1453,4,6,66.7,4,0,855,4463,2309,34,4,0,5,11,953,911,95.6,11,29,2055,71,60.1,22.8,22,86,20,7,24,2,1,25,52,-27,-1.18,-0.52,27.5,39.4,-11.8,-0.52,0.22,0,29,10,1,0,35,0,0,0,230,47,36,56.6
2022,Leicester City,Premier League,Daniel Amartey,GHA,26,28,23,2123,23.6,0,0,0,0,0,4,0,0,0,0,0,0,0,0,0.2,0.2,0,0.01,0.01,0,0.01,Centre-Back,23.6,0,2,1,50,0.08,0.04,0,0,32.1,0,0,0,0.02,0,0,1353,1475,91.7,27707,7913,405,428,94.6,751,788,95.3,186,230,80.9,0.2,-0.2,3,55,0,0,59,1475,1447,28,21,0,137,23,0,0,0,0,0,1274,80,121,132,1259,55,6,3,1353,2,9,22,18,17,0.72,16,0,0,0,0,1,1,0.04,1,0,0,0,0,0,25,12,15,9,1,16,32,50,16,172,54,31.4,97,67,8,48,24,1,24,30,55,110,2,1702,269,912,821,61,6,1677,6,8,75,6,0,1176,5166,2940,60,19,0,4,2,1263,1236,97.9,1,28,2123,76,62.1,23.6,23,88,22,5,20,6,1.5,35,40,-5,-0.21,-0.77,28.2,38.6,-10.4,-0.44,-0.46,0,17,9,1,0,12,0,0,0,211,45,38,54.2
2022,Leicester City,Premier League,Jonny Evans,NIR,33,18,16,1348,15,1,1,1,0,0,3,0,0.07,0.07,0.13,0.07,0.13,0.7,0.7,0.6,1.3,0.05,0.04,0.09,0.05,0.09,Centre-Back,15,1,3,2,66.7,0.2,0.13,0.33,0.5,5.7,0,0,0,0.25,0.3,0.3,812,976,83.2,17881,5664,191,217,88,489,531,92.1,128,220,58.2,0.6,0.4,3,59,4,1,44,976,936,40,32,1,129,14,3,0,0,0,0,692,72,212,338,543,50,8,2,812,2,22,20,7,8,0.53,7,1,0,0,0,0,2,0.13,1,1,0,0,0,0,27,18,18,7,2,16,28,57.1,12,123,49,39.8,77,41,5,22,13,0,9,31,58,61,0,1106,181,631,487,40,11,1070,1,2,50,1,0,684,3133,1564,34,4,0,3,1,739,721,97.6,2,18,1348,75,39.4,15,16,81,12,2,29,2,1.61,27,23,4,0.27,0.31,22.9,22.5,0.4,0.03,0.48,0,16,12,0,3,18,0,0,0,180,53,18,74.6
2022,Leicester City,Premier League,Wesley Fofana,FRA,20,7,7,630,7,0,0,0,0,0,2,0,0,0,0,0,0,0.2,0.2,0,0.3,0.03,0,0.04,0.03,0.04,Centre-Back,7,0,3,1,33.3,0.43,0.14,0,0,8,0,0,0,0.08,-0.2,-0.2,452,504,89.7,9774,2380,108,115,93.9,255,274,93.1,84,104,80.8,0,0,2,24,0,0,15,504,494,10,8,0,57,4,0,0,0,0,0,420,28,56,47,417,21,2,0,452,0,8,9,4,4,0.57,4,0,0,0,0,0,0,0,0,0,0,0,0,0,10,5,9,1,0,7,9,77.8,2,56,22,39.3,38,18,0,6,2,0,4,16,26,28,1,569,75,310,284,17,5,559,2,2,100,2,0,413,2837,1641,35,5,0,1,4,425,419,98.6,1,7,630,90,18.4,7,7,90,7,0,NA,2,1.43,13,7,6,0.86,0.95,8.6,9.1,-0.5,-0.06,0.25,0,9,8,0,0,5,0,0,0,76,23,12,65.7
2022,Leicester City,Premier League,Çağlar Söyüncü,TUR,25,28,28,2497,27.7,1,0,1,0,0,5,0,0.04,0,0.04,0.04,0.04,1.4,1.4,0.1,1.5,0.05,0,0.05,0.05,0.05,Centre-Back,27.7,1,8,1,12.5,0.29,0.04,0.13,1,12,0,0,0,0.17,-0.4,-0.4,1570,1822,86.2,32036,9815,479,516,92.8,876,930,94.2,200,345,58,0.1,-0.1,3,70,3,2,53,1822,1774,48,41,0,195,50,5,0,0,0,0,1394,126,302,403,1272,79,4,8,1570,5,29,29,15,11,0.4,11,0,0,0,0,0,0,0,0,0,0,0,0,0,52,30,32,17,3,25,41,61,16,259,93,35.9,144,106,9,56,29,0,27,50,102,139,1,2135,308,1205,995,58,15,2088,6,9,66.7,6,0,1359,6853,3167,57,12,0,8,3,1475,1453,98.5,2,28,2497,89,73,27.7,28,89,27,0,NA,8,1.32,41,44,-3,-0.11,-0.69,35.5,42.6,-7.1,-0.26,0.04,0,32,15,1,5,30,0,2,0,299,99,53,65.1
2022,Liverpool,Premier League,Virgil van Dijk,NED,30,34,34,3060,34,3,1,3,0,0,3,0,0.09,0.03,0.12,0.09,0.12,2.4,2.4,0.4,2.8,0.07,0.01,0.08,0.07,0.08,Centre-Back,34,3,35,13,37.1,1.03,0.38,0.09,0.23,11.8,1,0,0,0.07,0.6,0.6,2287,2520,90.8,51299,16562,601,649,92.6,1233,1288,95.7,442,564,78.4,0.4,0.6,6,169,4,0,104,2520,2449,71,64,0,217,89,0,0,0,0,0,1977,185,358,370,1906,138,7,11,2287,2,23,24,10,24,0.71,18,0,0,6,0,0,6,0.18,4,0,0,2,0,0,21,12,13,7,1,11,15,73.3,4,124,44,35.5,72,45,7,31,16,1,15,47,68,135,1,2802,327,1316,1511,88,53,2731,3,4,75,3,0,1813,6903,3629,99,6,0,7,5,2063,2027,98.3,8,34,3060,90,89.5,34,34,90,34,0,NA,1,2.41,84,21,63,1.85,0.6,80.6,29.4,51.2,1.5,0.55,0,10,12,0,0,12,0,0,0,410,135,40,77.1
2022,Liverpool,Premier League,Ibrahima Konaté,FRA,22,11,11,990,11,0,0,0,0,0,2,0,0,0,0,0,0,0.3,0.3,0.1,0.4,0.02,0.01,0.03,0.02,0.03,Centre-Back,11,0,4,0,0,0.36,0,0,NA,9,0,0,0,0.06,-0.3,-0.3,655,728,90,13686,4843,171,186,91.9,386,407,94.8,91,120,75.8,0.1,-0.1,1,50,5,0,48,728,718,10,8,1,69,10,0,0,0,0,0,589,54,85,37,623,42,2,4,655,1,4,9,5,6,0.55,6,0,0,0,0,0,2,0.18,2,0,0,0,0,0,14,8,6,7,1,3,7,42.9,4,86,23,26.7,44,36,6,15,10,1,5,28,42,47,0,830,81,365,487,21,6,821,3,3,100,3,0,555,2786,1647,46,3,0,2,2,578,569,98.4,2,11,990,90,28.9,11,11,90,11,0,NA,26,2.27,28,10,18,1.64,-0.22,23.8,13.2,10.6,0.97,-0.68,0,13,3,0,0,8,0,0,0,128,41,16,71.9
2022,Liverpool,Premier League,Joël Matip,CMR,29,31,31,2790,31,3,3,3,0,0,2,0,0.1,0.1,0.19,0.1,0.19,3.1,3.1,1.2,4.3,0.1,0.04,0.14,0.1,0.14,Centre-Back,31,3,34,7,20.6,1.1,0.23,0.09,0.43,8.7,0,0,0,0.09,-0.1,-0.1,2015,2238,90,43619,12745,528,584,90.4,1097,1172,93.6,379,457,82.9,1.2,1.8,11,196,13,0,157,2238,2182,56,40,2,237,39,0,0,0,0,0,1735,213,290,286,1724,136,16,11,2015,3,21,32,15,34,1.1,26,0,0,7,1,0,9,0.29,7,0,0,1,1,0,48,36,24,18,6,17,29,58.6,12,210,89,42.4,117,74,19,38,17,1,21,66,114,121,1,2549,253,1060,1537,186,59,2496,13,14,92.9,13,0,1609,10768,7547,275,75,4,8,7,1824,1778,97.5,8,31,2790,90,81.6,31,31,90,31,0,NA,4,2.48,76,21,55,1.77,-0.08,74,25.8,48.2,1.55,0.58,0,16,19,0,0,36,0,0,0,376,120,55,68.6
2022,Manchester City,Premier League,Nathan Aké,NED,26,14,10,923,10.3,2,0,2,0,0,0,0,0.2,0,0.2,0.2,0.2,1.1,1.1,0.5,1.6,0.11,0.05,0.16,0.11,0.16,Centre-Back,10.3,2,5,2,40,0.49,0.2,0.4,1,5.8,0,0,0,0.23,0.9,0.9,780,855,91.2,14444,4178,331,351,94.3,364,395,92.2,80,98,81.6,0.5,-0.5,2,53,3,0,31,855,813,42,16,0,71,5,0,0,0,0,0,716,67,72,621,155,28,26,2,780,0,10,7,8,3,0.29,3,0,0,0,0,0,0,0,0,0,0,0,0,0,15,5,6,8,1,4,7,57.1,3,70,23,32.9,26,37,7,12,5,0,7,18,33,31,0,936,67,351,546,115,9,896,0,2,0,0,0,680,3560,2226,74,13,0,2,1,754,724,96,2,14,923,66,27,10.3,10,82,8,4,25,22,2.64,19,3,16,1.56,-0.49,20.8,6,14.8,1.44,-0.26,0,8,5,0,0,5,0,0,0,78,41,8,83.7
2022,Manchester City,Premier League,Rúben Dias,POR,24,29,27,2402,26.7,2,4,2,0,0,5,0,0.07,0.15,0.22,0.07,0.22,2.2,2.2,2.4,4.6,0.08,0.09,0.17,0.08,0.17,Centre-Back,26.7,2,18,4,22.2,0.67,0.15,0.11,0.5,10.6,0,0,0,0.12,-0.2,-0.2,2097,2224,94.3,45031,11468,566,594,95.3,1189,1224,97.1,336,389,86.4,2.4,1.6,12,182,4,0,106,2224,2175,49,36,3,161,46,5,0,0,0,0,1924,102,198,341,1769,64,12,4,2097,2,13,18,11,30,1.12,26,0,0,3,0,1,6,0.22,4,0,0,2,0,0,34,27,12,18,4,7,16,43.8,9,153,68,44.4,57,78,18,28,13,0,15,38,72,78,1,2427,178,877,1634,111,32,2380,2,5,40,2,1,1792,10636,6630,239,22,0,5,2,1981,1952,98.5,8,29,2402,83,70.2,26.7,27,87,24,2,32,2,2.48,69,18,51,1.91,-0.03,63.2,20.6,42.6,1.6,-0.11,0,30,10,2,5,27,0,0,0,217,53,36,59.6
2022,Manchester City,Premier League,Aymeric Laporte,ESP,27,33,33,2828,31.4,4,0,4,0,0,5,1,0.13,0,0.13,0.13,0.13,4.4,4.4,0.5,4.9,0.14,0.02,0.16,0.14,0.16,Centre-Back,31.4,4,35,7,20,1.11,0.22,0.11,0.57,10.7,0,0,0,0.13,-0.4,-0.4,2703,2853,94.7,58451,16557,757,788,96.1,1450,1497,96.9,482,549,87.8,0.5,-0.5,9,316,11,1,198,2853,2798,55,43,3,202,64,5,0,0,0,0,2446,144,263,2050,648,91,12,7,2703,1,17,19,6,30,0.95,26,0,0,3,1,0,4,0.13,2,0,0,1,1,0,31,17,20,10,1,15,25,60,10,139,63,45.3,81,50,8,24,11,0,13,33,64,78,2,3059,258,1144,2013,177,43,3006,3,5,60,3,0,2285,14300,9587,352,61,1,1,8,2539,2501,98.5,8,33,2828,86,82.7,31.4,33,86,27,0,NA,2,2.52,87,23,64,2.04,0.67,73.7,21.8,51.9,1.65,0.14,0,15,13,2,5,17,1,0,0,288,73,36,67
2022,Manchester City,Premier League,John Stones,ENG,27,14,12,1119,12.4,1,0,1,0,0,0,0,0.08,0,0.08,0.08,0.08,1,1,0.1,1.1,0.08,0.01,0.09,0.08,0.09,Centre-Back,12.4,1,9,5,55.6,0.72,0.4,0.11,0.2,12.8,0,0,0,0.12,0,0,905,976,92.7,18686,4562,314,339,92.6,439,453,96.9,146,172,84.9,0.1,-0.1,3,75,2,0,43,976,940,36,14,0,127,29,1,0,0,0,0,806,57,113,135,763,25,22,3,905,2,5,9,6,14,1.13,12,1,0,1,0,0,1,0.08,0,0,0,1,0,0,5,4,3,2,0,2,4,50,2,58,22,37.9,23,29,6,9,3,0,6,17,22,41,1,1061,101,378,673,95,10,1026,6,7,85.7,6,1,775,4822,2729,104,24,0,5,2,861,844,98,3,14,1119,80,32.7,12.4,12,89,11,2,27,13,2.5,30,6,24,1.93,0.01,26,7.7,18.3,1.47,-0.23,0,3,9,0,1,4,0,0,0,86,54,11,83.1
2022,Manchester Utd,Premier League,Victor Lindelöf,SWE,27,28,26,2355,26.2,0,2,0,0,0,4,0,0,0.08,0.08,0,0.08,0.3,0.3,0.5,0.8,0.01,0.02,0.03,0.01,0.03,Centre-Back,26.2,0,4,2,50,0.15,0.08,0,0,6.9,0,0,0,0.08,-0.3,-0.3,1164,1295,89.9,24598,7163,344,368,93.5,627,664,94.4,182,241,75.5,0.5,1.5,3,73,8,0,59,1295,1266,29,24,5,152,36,0,0,0,0,0,1037,111,147,173,1020,62,5,6,1164,3,9,17,12,10,0.38,10,0,0,0,0,0,3,0.11,3,0,0,0,0,0,19,10,9,9,1,9,16,56.3,7,155,58,37.4,75,73,7,42,20,0,22,51,70,120,1,1529,259,900,665,61,14,1500,0,1,0,0,0,910,5874,3055,73,15,1,4,3,1006,989,98.3,2,28,2355,84,68.9,26.2,26,89,25,2,16,5,1.39,38,47,-9,-0.34,-1.1,35.3,42.5,-7.2,-0.28,-0.91,0,24,8,2,0,10,0,0,0,252,63,32,66.3
2022,Manchester Utd,Premier League,Harry Maguire,ENG,28,30,28,2515,27.9,1,0,1,0,0,9,1,0.04,0,0.04,0.04,0.04,1.7,1.7,0.2,1.9,0.06,0.01,0.07,0.06,0.07,Centre-Back,27.9,1,23,10,43.5,0.82,0.36,0.04,0.1,11.9,0,0,0,0.08,-0.7,-0.7,1320,1512,87.3,29868,8946,346,378,91.5,687,747,92,277,368,75.3,0.2,-0.2,3,125,2,0,86,1512,1464,48,45,0,191,70,1,0,0,0,0,1098,128,286,215,1147,87,2,7,1320,5,30,17,9,20,0.72,11,2,1,4,1,1,1,0.04,1,0,0,0,0,0,41,26,25,11,5,14,27,51.9,13,173,65,37.6,118,49,6,46,32,0,14,53,94,130,0,1808,265,907,917,101,41,1764,3,5,60,3,0,1081,7191,3901,110,19,0,5,4,1201,1175,97.8,7,30,2515,84,73.5,27.9,28,88,26,2,21,3,1.67,46,41,5,0.18,0.68,40.8,37.5,3.2,0.12,0.41,1,23,23,1,1,26,0,0,1,284,102,36,73.9
2022,Manchester Utd,Premier League,Raphaël Varane,FRA,28,22,20,1831,20.3,1,1,1,0,0,0,0,0.05,0.05,0.1,0.05,0.1,0.8,0.8,0.2,1,0.04,0.01,0.05,0.04,0.05,Centre-Back,20.3,1,9,1,11.1,0.44,0.05,0.11,1,8.3,0,0,0,0.09,0.2,0.2,986,1096,90,22762,5946,230,245,93.9,539,580,92.9,212,260,81.5,0.2,0.8,4,68,0,0,41,1096,1054,42,39,0,106,42,0,0,0,0,0,845,86,165,437,563,51,3,1,986,1,14,13,7,10,0.49,9,0,0,0,0,1,2,0.1,2,0,0,0,0,0,27,16,17,7,3,10,22,45.5,12,164,58,35.4,112,47,5,32,14,0,18,35,62,95,1,1295,182,657,685,38,15,1253,2,5,40,2,1,815,5248,2663,61,6,0,2,1,881,864,98.1,3,22,1831,83,53.5,20.3,20,90,20,2,16,2,1.73,30,22,8,0.39,0.85,30.9,25.6,5.3,0.26,0.54,0,7,7,0,0,16,0,0,0,184,63,34,64.9
2022,Newcastle Utd,Premier League,Dan Burn,ENG,29,16,16,1440,16,0,1,0,0,0,4,0,0,0.06,0.06,0,0.06,0.5,0.5,0.1,0.6,0.03,0.01,0.04,0.03,0.04,Centre-Back,16,0,11,1,9.1,0.69,0.06,0,0,9.3,0,0,0,0.05,-0.5,-0.5,460,574,80.1,9471,2564,136,162,84,250,285,87.7,65,109,59.6,0.1,0.9,2,27,1,0,27,574,566,8,5,0,94,7,1,0,0,0,0,375,61,138,391,69,60,3,3,460,0,18,8,10,4,0.25,3,1,0,0,0,0,1,0.06,1,0,0,0,0,0,25,12,18,6,1,8,12,66.7,4,144,56,38.9,89,50,5,33,16,0,17,29,54,114,0,780,138,424,340,43,23,772,0,1,0,0,0,353,2038,789,13,0,0,3,2,399,384,96.2,2,16,1440,90,42.1,16,16,90,16,0,NA,1,1.94,20,18,2,0.12,1.03,18.8,18.2,0.6,0.04,0.76,0,13,5,5,1,12,0,0,0,173,90,28,76.3
2022,Newcastle Utd,Premier League,Ciaran Clark,IRL,31,13,12,1014,11.3,0,1,0,0,0,2,1,0,0.09,0.09,0,0.09,0.8,0.8,0.3,1.1,0.07,0.03,0.1,0.07,0.1,Centre-Back,11.3,0,7,1,14.3,0.62,0.09,0,0,7,0,0,0,0.11,-0.8,-0.8,276,348,79.3,5333,1582,90,103,87.4,149,169,88.2,32,66,48.5,0.3,0.7,4,12,1,1,15,348,340,8,6,0,37,3,3,0,0,0,0,239,38,71,247,59,22,2,1,276,3,10,7,5,5,0.44,4,0,0,1,0,0,1,0.09,1,0,0,0,0,0,17,13,9,6,2,9,15,60,6,76,27,35.5,53,19,4,14,10,0,4,15,32,50,0,449,78,260,171,35,22,442,3,4,75,3,0,249,1151,507,13,4,0,4,0,265,251,94.7,4,13,1014,78,29.6,11.3,12,83,10,1,23,4,0.69,14,26,-12,-1.07,-0.84,10.6,19.4,-8.7,-0.77,-0.53,0,6,7,1,3,13,0,1,0,86,34,15,69.4
2022,Newcastle Utd,Premier League,Jamaal Lascelles,ENG,27,26,22,2058,22.9,1,0,1,0,0,5,0,0.04,0,0.04,0.04,0.04,1.1,1.1,0.3,1.3,0.05,0.01,0.06,0.05,0.06,Centre-Back,22.9,1,16,3,18.8,0.7,0.13,0.06,0.33,8.4,0,0,0,0.07,-0.1,-0.1,508,667,76.2,10831,3131,125,164,76.2,298,350,85.1,75,136,55.1,0.3,-0.3,2,18,2,0,22,667,658,9,6,0,118,10,5,0,0,0,0,416,57,194,79,459,71,1,0,508,6,14,13,7,6,0.26,6,0,0,0,0,0,1,0.04,1,0,0,0,0,0,21,11,16,3,2,7,18,38.9,11,154,51,33.1,94,53,7,50,32,1,18,35,56,134,0,940,232,620,284,66,49,931,1,1,100,1,0,415,1739,708,10,0,0,7,4,513,486,94.7,4,26,2058,79,60.2,22.9,22,89,21,4,25,8,1.08,25,44,-19,-0.83,-0.9,22.5,39.6,-17.2,-0.75,-0.88,0,23,4,0,5,11,0,3,2,177,99,35,73.9
2022,Newcastle Utd,Premier League,Fabian Schär,SUI,29,25,25,2158,24,2,2,2,0,0,4,0,0.08,0.08,0.17,0.08,0.17,1.3,1.3,0.6,2,0.06,0.03,0.08,0.06,0.08,Centre-Back,24,2,20,6,30,0.83,0.25,0.1,0.33,16.9,3,0,0,0.07,0.7,0.7,679,953,71.2,17637,7574,164,197,83.2,320,369,86.7,193,376,51.3,0.6,1.4,6,76,14,1,44,953,871,82,71,2,101,63,6,0,0,0,0,528,86,339,119,743,51,11,2,679,6,29,37,12,24,1,16,3,2,2,1,0,4,0.17,3,0,1,0,0,0,20,11,14,4,2,11,16,68.8,5,151,47,31.1,82,52,17,37,19,2,18,75,95,121,2,1223,201,693,543,78,26,1140,8,13,61.5,9,0,673,4116,2421,51,13,0,4,6,674,653,96.9,3,25,2158,86,63.1,24,25,86,22,0,NA,13,1.56,26,32,-6,-0.25,0.61,24.6,30.4,-5.7,-0.24,0.43,0,33,13,3,6,11,0,0,0,208,51,45,53.1
2022,Norwich City,Premier League,Ben Gibson,ENG,28,28,28,2494,27.7,0,0,0,0,0,5,1,0,0,0,0,0,1.2,1.2,0,1.2,0.04,0,0.04,0.04,0.04,Centre-Back,27.7,0,8,4,50,0.29,0.14,0,0,10,0,0,0,0.15,-1.2,-1.2,1065,1303,81.7,24894,9439,257,280,91.8,569,626,90.9,233,377,61.8,0,0,2,83,9,0,78,1303,1247,56,42,1,147,35,0,0,0,0,0,902,80,321,1098,82,81,13,3,1065,6,26,18,11,11,0.4,10,0,0,0,0,1,1,0.04,1,0,0,0,0,0,21,17,16,5,0,5,11,45.5,6,152,51,33.6,97,49,6,56,33,0,23,48,69,159,1,1597,372,1022,601,57,23,1542,2,5,40,2,0,905,4682,2770,62,14,0,4,4,1044,1026,98.3,2,28,2494,89,72.9,27.7,28,89,27,0,NA,7,0.79,20,55,-35,-1.26,1.26,25.5,53.6,-28.1,-1.02,0.49,1,14,10,0,0,17,0,2,0,200,67,33,67
2022,Norwich City,Premier League,Grant Hanley,SCO,29,33,33,2897,32.2,1,0,1,0,0,2,0,0.03,0,0.03,0.03,0.03,1.9,1.9,0.3,2.1,0.06,0.01,0.07,0.06,0.07,Centre-Back,32.2,1,20,4,20,0.62,0.12,0.05,0.25,8.1,0,0,0,0.09,-0.9,-0.9,1053,1243,84.7,22939,5649,279,317,88,554,601,92.2,203,297,68.4,0.3,-0.3,4,27,2,0,29,1243,1188,55,54,0,127,34,1,0,0,0,0,907,97,239,80,1010,104,1,3,1053,0,23,10,12,10,0.31,5,1,0,4,0,0,0,0,0,0,0,0,0,0,55,38,38,14,3,14,29,48.3,15,269,102,37.9,192,67,10,77,54,1,23,65,120,196,1,1663,396,1116,547,51,34,1609,4,6,66.7,4,0,820,3325,1450,23,3,0,5,1,946,915,96.7,3,33,2897,88,84.7,32.2,33,88,31,0,NA,0,0.58,20,70,-50,-1.55,0.34,27.8,64.2,-36.4,-1.13,0.12,0,28,24,2,1,38,0,1,0,252,116,37,75.8
2022,Norwich City,Premier League,Ozan Kabak,TUR,21,11,11,922,10.2,0,0,0,0,0,2,0,0,0,0,0,0,0.2,0.2,0,0.2,0.02,0,0.02,0.02,0.02,Centre-Back,10.2,0,4,2,50,0.39,0.2,0,0,15,0,0,0,0.05,-0.2,-0.2,341,414,82.4,7111,2287,92,112,82.1,197,216,91.2,45,71,63.4,0,0,2,17,0,0,18,414,397,17,13,0,74,11,0,0,0,0,0,311,42,61,56,310,22,4,2,341,0,9,9,10,10,0.98,4,0,1,1,3,1,0,0,0,0,0,0,0,0,13,11,6,6,1,4,9,44.4,5,94,38,40.4,65,27,2,19,12,0,7,22,35,29,0,514,75,325,208,16,5,498,14,18,77.8,14,0,319,1691,948,15,3,0,3,6,333,320,96.1,0,11,922,84,27,10.2,11,84,9,0,NA,8,0.18,4,25,-21,-2.05,-0.61,7.3,18.2,-10.9,-1.07,0.11,0,12,13,0,0,11,0,2,0,80,29,20,59.2
2022,Southampton,Premier League,Jan Bednarek,POL,25,31,30,2629,29.2,4,0,4,0,0,10,0,0.14,0,0.14,0.14,0.14,2.4,2.4,0.6,3,0.08,0.02,0.1,0.08,0.1,Centre-Back,29.2,4,19,7,36.8,0.65,0.24,0.21,0.57,7.9,0,0,0,0.13,1.6,1.6,1185,1431,82.8,24493,7355,395,434,91,605,674,89.8,171,295,58,0.6,-0.6,6,75,1,1,51,1431,1349,82,42,0,184,33,6,0,0,0,0,974,121,336,202,1029,96,39,4,1185,1,32,17,10,19,0.65,16,2,0,0,0,1,0,0,0,0,0,0,0,0,37,21,23,13,1,18,37,48.6,19,238,76,31.9,130,102,6,64,30,1,34,95,132,169,0,1786,239,870,914,81,30,1710,1,2,50,1,0,926,4166,1987,27,1,0,1,4,1001,979,97.8,4,31,2629,85,76.9,29.2,30,86,26,1,45,6,1.16,33,52,-19,-0.65,-0.08,36.6,45,-8.4,-0.29,0.11,0,38,17,1,6,21,0,1,1,324,114,60,65.5
2022,Southampton,Premier League,Lyanco,BRA,24,15,9,911,10.1,0,0,0,0,0,2,0,0,0,0,0,0,0.2,0.2,0.1,0.4,0.02,0.01,0.04,0.02,0.04,Centre-Back,10.1,0,6,0,0,0.59,0,0,NA,15.2,0,0,0,0.04,-0.2,-0.2,277,369,75.1,6108,2109,75,84,89.3,152,173,87.9,48,106,45.3,0.1,-0.1,3,22,2,0,19,369,353,16,12,0,53,9,3,0,0,0,0,240,32,97,15,321,19,2,4,277,2,9,13,6,9,0.89,6,0,0,1,0,2,1,0.1,1,0,0,0,0,0,17,14,11,6,0,5,14,35.7,9,99,43,43.4,54,44,1,28,17,0,11,29,46,66,1,513,112,282,238,23,7,497,6,7,85.7,6,0,264,1423,623,16,3,2,2,5,263,252,95.8,2,15,911,61,26.6,10.1,9,90,9,6,17,9,1.07,11,20,-9,-0.89,-0.35,9.7,16,-6.3,-0.62,-0.42,0,16,8,0,3,14,0,0,0,86,21,15,58.3
2022,Southampton,Premier League,Mohammed Salisu,GHA,22,34,33,2972,33,0,0,0,0,0,10,1,0,0,0,0,0,1.8,1.8,0.5,2.3,0.06,0.02,0.07,0.06,0.07,Centre-Back,33,0,25,8,32,0.76,0.24,0,0,11,0,0,0,0.07,-1.8,-1.8,1375,1780,77.2,27017,11298,497,575,86.4,699,829,84.3,168,344,48.8,0.5,-0.5,8,149,7,2,118,1780,1649,131,37,1,267,20,26,0,0,0,0,1179,131,470,1381,124,113,93,4,1375,2,35,45,23,27,0.82,21,1,0,3,0,2,3,0.09,3,0,0,0,0,0,91,60,63,25,3,41,72,56.9,31,364,148,40.7,218,123,23,69,28,1,41,93,184,196,5,2244,300,1073,1090,206,34,2114,9,14,64.3,9,0,1211,7505,3499,111,18,0,8,17,1248,1214,97.3,5,34,2972,87,86.9,33,33,88,32,1,54,2,1.09,42,57,-15,-0.45,1.35,43.4,48.6,-5.3,-0.16,1.16,1,49,13,2,26,60,0,0,1,397,128,62,67.4
2022,Southampton,Premier League,Jack Stephens,ENG,27,11,9,811,9,0,0,0,0,0,3,0,0,0,0,0,0,0,0,0.3,0.3,0,0.03,0.03,0,0.03,Centre-Back,9,0,0,0,NA,0,0,NA,NA,NA,0,0,0,NA,0,0,348,445,78.2,7199,2324,118,127,92.9,168,201,83.6,55,102,53.9,0.3,-0.3,4,21,1,0,24,445,423,22,14,0,70,11,0,0,0,0,0,308,32,105,22,378,24,8,1,348,2,6,10,8,6,0.67,5,0,0,0,0,1,0,0,0,0,0,0,0,0,21,12,11,8,2,6,18,33.3,12,92,33,35.9,56,29,7,16,8,0,8,27,48,46,0,551,80,297,279,21,3,529,1,2,50,1,0,295,1888,1044,25,8,0,1,2,315,307,97.5,2,11,811,74,23.7,9,9,84,8,2,28,11,0.73,8,19,-11,-1.22,-0.77,9.3,14.9,-5.6,-0.62,-0.4,0,11,3,0,0,12,0,0,0,97,19,16,54.3
2022,Tottenham,Premier League,Eric Dier,ENG,27,35,35,3071,34.1,0,0,0,0,0,1,0,0,0,0,0,0,1,1,1.4,2.4,0.03,0.04,0.07,0.03,0.07,Centre-Back,34.1,0,13,4,30.8,0.38,0.12,0,0,13.5,4,0,0,0.08,-1,-1,1969,2226,88.5,44250,14510,492,525,93.7,1110,1175,94.5,362,506,71.5,1.4,-1.4,8,95,9,1,93,2226,2174,52,42,4,163,59,3,0,0,0,0,1760,120,346,302,1776,91,5,6,1969,7,27,36,16,28,0.82,22,0,0,4,0,2,4,0.12,2,0,0,2,0,0,25,13,11,11,3,4,13,30.8,9,181,70,38.7,93,79,9,56,38,1,18,47,72,168,0,2535,469,1483,1150,59,20,2479,0,2,0,1,0,1668,9307,5223,107,13,1,3,2,1928,1903,98.7,5,35,3071,88,89.8,34.1,35,88,34,0,NA,0,1.94,64,30,34,1,2.29,58.6,31.5,27,0.79,1.12,0,18,13,0,3,13,0,0,1,240,89,51,63.6
2022,Tottenham,Premier League,Cristian Romero,ARG,23,22,21,1844,20.5,1,0,1,0,0,8,0,0.05,0,0.05,0.05,0.05,0.7,0.7,0.5,1.1,0.03,0.02,0.05,0.03,0.05,Centre-Back,20.5,1,6,2,33.3,0.29,0.1,0.17,0.5,13.3,0,0,0,0.11,0.3,0.3,1117,1278,87.4,22003,7095,398,434,91.7,558,591,94.4,150,222,67.6,0.5,-0.5,6,58,7,0,52,1278,1237,41,32,1,160,29,2,0,0,0,0,1009,109,160,56,1133,45,9,8,1117,1,14,30,21,17,0.83,14,1,0,0,1,1,2,0.1,1,0,0,0,0,1,75,45,43,30,2,25,43,58.1,18,317,113,35.6,195,98,24,50,23,0,27,57,132,78,1,1533,259,837,715,88,18,1499,9,14,64.3,10,0,1024,5473,3097,79,21,2,11,8,1049,1019,97.1,7,22,1844,84,53.9,20.5,21,88,19,1,1,2,1.64,38,25,13,0.63,-0.28,30.3,22.3,8,0.39,-0.63,0,36,17,2,2,45,0,1,0,199,50,30,62.5
2022,Tottenham,Premier League,Davinson Sánchez,COL,25,23,17,1631,18.1,2,0,2,0,0,4,0,0.11,0,0.11,0.11,0.11,2.1,2.1,0.4,2.5,0.11,0.02,0.14,0.11,0.14,Centre-Back,18.1,2,13,3,23.1,0.72,0.17,0.15,0.67,8.1,0,0,0,0.16,-0.1,-0.1,972,1088,89.3,19470,5422,317,339,93.5,517,546,94.7,126,179,70.4,0.4,-0.4,4,78,8,1,52,1088,1058,30,23,1,105,26,2,0,0,0,0,895,66,127,121,886,41,7,5,972,1,14,15,6,16,0.88,15,0,0,1,0,0,1,0.06,1,0,0,0,0,0,45,22,24,17,4,16,27,59.3,11,186,66,35.5,89,80,17,35,19,0,16,34,79,76,0,1290,138,568,685,117,22,1263,3,5,60,4,0,834,4031,2250,103,22,0,3,10,923,896,97.1,5,23,1631,71,47.7,18.1,17,90,17,6,17,14,2,33,16,17,0.94,0.33,36.8,18.2,18.6,1.03,0.67,0,16,12,1,2,22,0,0,0,153,56,38,59.6
2022,Tottenham,Premier League,Japhet Tanganga,ENG,22,11,10,735,8.2,0,0,0,0,0,4,1,0,0,0,0,0,0.4,0.4,0.4,0.7,0.05,0.05,0.09,0.05,0.09,Centre-Back,8.2,0,7,2,28.6,0.86,0.24,0,0,13.1,0,0,0,0.05,-0.4,-0.4,327,396,82.6,5889,1750,148,167,88.6,144,170,84.7,30,51,58.8,0.4,-0.4,2,9,5,1,18,396,341,55,5,0,41,8,10,0,0,0,0,259,65,72,35,286,16,50,2,327,0,7,13,5,3,0.37,2,0,0,1,0,0,0,0,0,0,0,0,0,0,21,12,10,6,5,8,13,61.5,5,110,36,32.7,52,45,13,16,7,0,9,17,38,30,0,502,47,181,242,115,11,448,3,6,50,3,1,283,1405,953,35,15,3,4,9,327,310,94.8,12,11,735,67,21.5,8.2,10,73,4,1,8,7,2.18,11,8,3,0.37,-0.5,12.6,11.6,0.9,0.12,-0.72,1,20,10,1,10,12,0,0,0,46,19,10,65.5
2022,Watford,Premier League,Craig Cathcart,NIR,32,31,27,2396,26.6,0,1,0,0,0,3,0,0,0.04,0.04,0,0.04,0.1,0.1,0.3,0.5,0,0.01,0.02,0,0.02,Centre-Back,26.6,0,3,0,0,0.11,0,0,NA,8.4,0,0,0,0.04,-0.1,-0.1,742,917,80.9,17605,5044,176,199,88.4,393,451,87.1,169,253,66.8,0.3,0.7,2,47,5,1,40,917,865,52,10,0,109,45,3,0,0,0,0,553,92,272,178,586,80,42,0,742,2,18,14,9,5,0.19,5,0,0,0,0,0,0,0,0,0,0,0,0,0,33,15,26,7,0,16,34,47.1,18,165,51,30.9,117,45,3,55,32,0,23,38,71,129,2,1176,210,674,488,60,10,1125,0,1,0,0,0,559,2216,1007,13,3,0,2,4,646,624,96.6,3,31,2396,77,70.1,26.6,27,88,24,4,8,4,0.74,28,55,-27,-1.01,0.39,29.7,47.3,-17.7,-0.66,0.23,0,14,7,0,3,15,0,0,0,219,63,42,60
2022,Watford,Premier League,Christian Kabasele,BEL,30,16,12,1193,13.3,0,0,0,0,0,0,0,0,0,0,0,0,0.7,0.7,0,0.8,0.05,0,0.06,0.05,0.06,Centre-Back,13.3,0,7,0,0,0.53,0,0,NA,8.8,0,0,0,0.1,-0.7,-0.7,360,456,78.9,8264,2627,64,84,76.2,220,249,88.4,71,114,62.3,0,0,1,16,2,1,25,456,447,9,5,0,67,4,1,0,0,0,0,283,54,119,30,356,32,4,1,360,0,12,8,4,5,0.38,4,0,0,1,0,0,0,0,0,0,0,0,0,0,10,6,7,3,0,3,5,60,2,83,35,42.2,57,24,2,33,17,0,16,26,36,58,2,592,110,373,226,19,11,583,0,1,0,1,0,311,1463,604,13,0,0,0,4,324,320,98.8,2,16,1193,75,34.9,13.3,12,90,12,4,28,15,0.69,10,30,-20,-1.51,-0.58,13,21,-8,-0.61,0.19,0,6,4,0,1,6,0,0,0,116,50,17,74.6
2022,Watford,Premier League,William Troost-Ekong,NGA,27,17,15,1390,15.4,0,0,0,0,0,3,0,0,0,0,0,0,0.1,0.1,0.1,0.2,0.01,0.01,0.01,0.01,0.01,Centre-Back,15.4,0,2,0,0,0.13,0,0,NA,21.8,0,0,0,0.05,-0.1,-0.1,440,557,79,11533,3675,65,78,83.3,244,272,89.7,130,200,65,0.1,-0.1,1,29,1,0,31,557,542,15,13,0,56,29,1,0,0,0,0,356,41,160,63,440,34,2,1,440,1,13,11,6,4,0.26,3,0,0,0,0,1,0,0,0,0,0,0,0,0,17,10,10,7,0,6,11,54.5,5,106,38,35.8,62,41,3,29,14,1,15,23,40,88,1,708,152,472,257,16,4,693,1,2,50,1,0,357,2216,1377,22,2,0,0,0,418,411,98.3,2,17,1390,82,40.6,15.4,15,90,15,2,20,11,0.76,19,30,-11,-0.71,0.71,16.8,30.6,-13.8,-0.89,-0.27,0,17,1,1,1,10,0,1,0,115,32,17,65.3
2022,West Ham,Premier League,Craig Dawson,ENG,31,34,30,2754,30.6,2,2,2,0,0,5,1,0.07,0.07,0.13,0.07,0.13,2.9,2.9,0.5,3.3,0.09,0.01,0.11,0.09,0.11,Centre-Back,30.6,2,25,5,20,0.82,0.16,0.08,0.4,7.7,0,0,0,0.12,-0.9,-0.9,1015,1234,82.3,23629,7149,288,316,91.1,472,522,90.4,247,375,65.9,0.5,1.5,3,84,1,0,45,1234,1203,31,26,0,161,38,1,0,0,0,0,837,130,267,49,1029,83,3,11,1015,4,31,30,8,11,0.36,6,0,1,4,0,0,5,0.16,3,0,0,2,0,0,33,21,20,13,0,12,27,44.4,15,199,67,33.7,126,64,9,66,55,0,11,30,63,145,1,1541,286,854,695,74,42,1513,2,2,100,2,0,850,4229,1975,48,7,0,2,6,954,933,97.8,6,34,2754,81,80.5,30.6,30,89,28,4,21,3,1.56,48,42,6,0.2,-0.21,39.6,42.3,-2.8,-0.09,-0.32,0,40,12,1,1,21,0,2,0,265,103,56,64.8
2022,West Ham,Premier League,Issa Diop,FRA,24,13,10,963,10.7,0,1,0,0,0,0,0,0,0.09,0.09,0,0.09,0.1,0.1,0.1,0.3,0.01,0.01,0.02,0.01,0.02,Centre-Back,10.7,0,2,2,100,0.19,0.19,0,0,7.6,0,0,0,0.07,-0.1,-0.1,404,469,86.1,7678,2665,153,163,93.9,199,220,90.5,46,79,58.2,0.1,0.9,1,16,0,0,15,469,455,14,7,1,48,5,1,0,0,0,0,362,26,81,92,336,24,1,3,404,0,9,4,1,2,0.19,2,0,0,0,0,0,1,0.09,1,0,0,0,0,0,9,3,4,5,0,2,10,20,8,72,28,38.9,41,30,1,23,15,0,8,17,26,44,0,568,92,334,260,10,5,555,0,0,NA,0,0,305,1927,934,19,2,0,1,1,353,344,97.5,0,13,963,74,28.2,10.7,10,90,9,3,22,21,1.62,19,19,0,0,-0.33,15.5,16.4,-0.8,-0.08,-0.07,0,6,5,1,1,3,0,0,0,96,19,20,48.7
2022,West Ham,Premier League,Angelo Ogbonna,ITA,33,11,11,921,10.2,1,0,1,0,0,1,0,0.1,0,0.1,0.1,0.1,0.3,0.3,0,0.3,0.03,0,0.03,0.03,0.03,Centre-Back,10.2,1,3,1,33.3,0.29,0.1,0.33,1,11.1,0,0,0,0.09,0.7,0.7,392,452,86.7,8588,2244,98,103,95.1,226,240,94.2,65,103,63.1,0,0,0,18,0,0,10,452,447,5,3,0,41,1,0,0,0,0,0,353,22,77,264,156,19,1,1,392,2,5,2,3,2,0.2,2,0,0,0,0,0,1,0.1,1,0,0,0,0,0,13,8,8,5,0,2,7,28.6,5,50,16,32,32,15,3,7,4,0,3,13,26,38,0,528,69,293,251,14,8,523,0,0,NA,0,0,353,1947,714,6,1,0,0,1,375,363,96.8,1,11,921,84,26.9,10.2,11,84,10,0,NA,0,2.09,21,11,10,0.98,1.01,16.4,10.2,6.2,0.6,0.86,0,5,3,0,0,8,0,0,0,78,26,12,68.4
2022,West Ham,Premier League,Kurt Zouma,FRA,26,24,24,2078,23.1,1,0,1,0,0,1,0,0.04,0,0.04,0.04,0.04,0.9,0.9,0,0.9,0.04,0,0.04,0.04,0.04,Centre-Back,23.1,1,7,2,28.6,0.3,0.09,0.14,0.5,6.2,0,0,0,0.13,0.1,0.1,845,950,88.9,17791,4932,238,253,94.1,476,510,93.3,128,182,70.3,0,0,0,25,1,0,31,950,925,25,22,1,69,23,2,0,0,0,0,748,61,141,160,708,52,1,1,845,0,18,4,2,6,0.26,5,0,0,1,0,0,0,0,0,0,0,0,0,0,11,5,9,2,0,4,8,50,4,107,35,32.7,58,36,13,38,27,0,11,47,58,140,0,1206,262,693,544,35,16,1182,2,4,50,3,1,691,3398,1721,33,5,0,4,2,771,755,97.9,3,24,2078,87,60.8,23.1,24,87,22,0,NA,1,1.5,33,29,4,0.17,-0.16,27.7,29.5,-1.8,-0.08,-0.13,0,12,10,0,2,5,0,0,1,164,55,25,68.8
2022,Wolves,Premier League,Willy Boly,CIV,30,10,10,900,10,0,0,0,0,0,1,0,0,0,0,0,0,0.2,0.2,0.1,0.3,0.02,0.01,0.03,0.02,0.03,Centre-Back,10,0,2,1,50,0.2,0.1,0,0,8,0,0,0,0.08,-0.2,-0.2,450,541,83.2,8974,3526,158,170,92.9,225,252,89.3,61,107,57,0.1,-0.1,1,17,0,0,15,541,523,18,13,0,51,2,0,0,0,0,0,413,27,101,45,451,23,4,1,450,1,13,12,3,2,0.2,1,0,0,0,0,1,0,0,0,0,0,0,0,0,27,22,19,7,1,8,15,53.3,7,110,43,39.1,64,43,3,21,7,1,14,19,46,39,0,649,87,375,288,21,7,632,4,5,80,4,0,392,1715,835,20,6,0,2,2,425,412,96.9,0,10,900,90,26.3,10,10,90,10,0,NA,14,0.8,13,20,-7,-0.7,-0.77,9.1,20.5,-11.4,-1.14,-0.68,0,9,2,1,0,22,0,1,0,102,26,22,54.2
2022,Wolves,Premier League,Conor Coady,ENG,28,38,38,3361,37.3,4,0,4,0,0,4,0,0.11,0,0.11,0.11,0.11,2,2,0,2,0.05,0,0.05,0.05,0.05,Centre-Back,37.3,4,12,4,33.3,0.32,0.11,0.33,1,11.7,0,0,0,0.16,2,2,1471,1632,90.1,36772,10454,216,233,92.7,853,889,96,394,492,80.1,0,0,2,50,4,0,44,1632,1592,40,39,0,126,53,2,0,0,0,0,1282,83,267,63,1489,64,0,2,1471,3,17,21,10,7,0.19,7,0,0,0,0,0,0,0,0,0,0,0,0,0,31,18,20,10,1,12,26,46.2,14,197,68,34.5,124,68,5,64,50,3,14,44,75,150,0,1930,470,1331,668,33,18,1890,1,2,50,2,0,1183,6291,2904,34,1,0,2,2,1344,1330,99,3,38,3361,88,98.3,37.3,38,88,35,0,NA,0,1.34,37,43,-6,-0.16,-1.69,34.8,60,-25.1,-0.67,-1.84,0,21,3,2,2,18,0,0,0,235,39,29,57.4
2022,Wolves,Premier League,Max Kilman,ENG,24,30,30,2687,29.9,1,0,1,0,0,3,0,0.03,0,0.03,0.03,0.03,1,1,0,1,0.03,0,0.03,0.03,0.03,Centre-Back,29.9,1,13,4,30.8,0.44,0.13,0.08,0.25,8.8,0,0,0,0.08,0,0,1279,1476,86.7,26905,9568,410,449,91.3,655,711,92.1,206,297,69.4,0,0,2,90,3,0,92,1476,1440,36,25,1,153,44,2,0,0,0,0,1121,114,241,1012,331,77,11,3,1279,2,18,21,15,9,0.3,6,0,1,1,0,1,1,0.03,0,0,0,1,0,0,53,33,40,13,0,20,33,60.6,13,240,92,38.3,159,70,11,52,21,0,31,64,117,118,1,1778,214,950,844,105,22,1743,13,17,76.5,14,0,1145,6267,3616,110,26,1,9,9,1206,1181,97.9,7,30,2687,90,78.6,29.9,30,90,28,0,NA,2,1.53,27,25,2,0.07,0.93,28.1,43.4,-15.3,-0.51,0.6,0,22,16,0,2,33,0,1,0,238,86,43,66.7
2022,Wolves,Premier League,Romain Saïss,MAR,31,31,31,2705,30.1,2,0,2,0,0,6,0,0.07,0,0.07,0.07,0.07,2.7,2.7,0.4,3.1,0.09,0.01,0.1,0.09,0.1,Centre-Back,30.1,2,18,6,33.3,0.6,0.2,0.11,0.33,11.8,1,0,0,0.15,-0.7,-0.7,1415,1718,82.4,29554,13832,440,483,91.1,748,846,88.4,217,359,60.4,0.4,-0.4,6,150,2,0,120,1718,1665,53,40,0,166,39,7,0,0,0,0,1228,145,345,1385,179,99,13,2,1415,5,24,55,25,15,0.5,14,0,0,1,0,0,0,0,0,0,0,0,0,0,60,38,40,17,3,18,32,56.3,14,283,103,36.4,162,101,20,61,24,0,37,81,141,173,1,2111,303,1205,869,127,35,2061,5,8,62.5,6,1,1217,5502,2923,73,19,1,5,8,1411,1373,97.3,6,31,2705,87,79.1,30.1,31,87,27,0,NA,2,1.32,26,30,-4,-0.13,-0.01,28.2,45.4,-17.2,-0.57,0.33,0,35,18,3,7,38,0,2,0,260,84,43,66.1
