Player,scaled_pred,value,rating,rating_scaled
Ederson,3.693687678128469,-0.9153678761292414,2.7783198019992277,2.794428818116904
João Cancelo,3.785526867233763,-0.9025839513403301,2.882942915893433,2.8996548160577134
Rodri,3.4513659918932245,-0.8052561051428663,2.646109886750358,2.6614570516313467
Bernardo Silva,3.1100803586772012,-0.8072849952612302,2.302795363415971,2.3161642001686737
Aymeric Laporte,3.2382162694573973,-0.8068633063662005,2.4313529630911965,2.4454626048441432
Rúben Dias,3.3495336117864705,-0.6774033850605763,2.672130226725894,2.687627332162794
Kevin De Bruyne,3.109834133435786,-0.6099856826449311,2.499848450790855,2.514352793439822
Phil Foden,3.376312087710576,-0.6097327454803564,2.76657934223022,2.782620704694405
Raheem Sterling,3.1270665521935315,-0.602491032765591,2.5245755194279402,2.5392223502388984
Jack Grealish,2.8809128600997584,-0.547102112870256,2.3338107472295024,2.3473583081608735
Gabriel Jesus,3.005571783745491,-0.48299185030125336,2.522579933444238,2.537215264817754
İlkay Gündoğan,3.549233847020455,-0.5173891361378472,3.031844710882608,3.049414648180064
Kyle Walker,1.7086700980908145,-0.4525618265343081,1.2561082715565064,1.2634456404434515
Riyad Mahrez,1.963145700971184,-0.3962654008219176,1.5668803001492664,1.5760084731061306
John Stones,0.8007849232005351,-0.3371459834884602,0.46363893971207487,0.46640975442366756
Oleksandr Zinchenko,2.2629606929435693,-0.236491198518668,2.026469494424901,2.038246020913859
Fernandinho,1.2969671598488166,-0.23155616148134728,1.0654109983674693,1.0716494863335808
Nathan Aké,1.0143526830910492,-0.2767653851256599,0.7375872979653892,0.7419367226861553
Ferrán Torres,0,-0.07479597533942221,-0.07479597533942221,-0.07512785761644511
Cole Palmer,0,-0.027098975108871597,-0.027098975108871597,-0.02715600645248656
Zack Steffen,0,-0.027144926095045166,-0.027144926095045166,-0.027202222228298465
Benjamin Mendy,0,-0.01561673434539363,-0.01561673434539363,-0.01560760000613122
James Mcatee,0,-0.001610715848724168,-0.001610715848724168,-0.001520872717744648
Liam Delap,0,-6.125197848487457e-4,-6.125197848487457e-4,-5.169246124713568e-4
Kayky Chagas,0,-4.8821448105911686e-4,-4.8821448105911686e-4,-3.9190300726635606e-4
CJ Egan-Riley,0,-2.590367296692883e-4,-2.590367296692883e-4,-1.614046336449122e-4
Scott Carson,0,NA,NA,NA
Thomas Doyle,0,NA,NA,NA
Samuel Edozie,0,NA,NA,NA
Roméo Lavia,0,NA,NA,NA
Luke Mbete-Tatu,0,NA,NA,NA
Cieran Slicker,0,NA,NA,NA
Josh Wilson-Esbrand,0,NA,NA,NA
Alisson,3.363030138182846,-0.6160411224709216,2.7469890157119243,2.762917490164216
Virgil van Dijk,1.6906906145604512,-0.5830298194317534,1.1076607951286979,1.1141427448643124
Trent Alexander-Arnold,2.6674028495842532,-0.5442067075387055,2.123196142045548,2.135530049695909
Sadio Mané,3.5080006851968406,-0.5299943972262157,2.978006287970625,2.9952659847766654
Joël Matip,1.762613230679537,-0.5565430219199117,1.2060702087596253,1.213119236488863
Mohamed Salah,4.443487086134161,-0.5049244141404966,3.938562671993665,3.961357513933855
Jordan Henderson,1.4902821298465905,-0.4804470165428877,1.0098351133037027,1.0157533487631383
Andrew Robertson,2.2756869969550655,-0.468831141914309,1.8068558550407565,1.8173668718858778
Diogo Jota,2.577408447529071,-0.43801351222707186,2.1393949353019988,2.1518221874693126
Fabinho,1.0374335256980938,-0.4283112769906692,0.6091222487074246,0.6127314017438462
Thiago Alcántara,2.4614059110715747,-0.3316888153779817,2.129717095693593,2.1420885799250433
Naby Keïta,0.696483596804902,-0.24214864316925372,0.4543349536356483,0.4570521547186027
Ibrahima Konaté,-0.39173857102517423,-0.12880023033534177,-0.520538801360516,-0.5234392483522926
Luis Díaz,2.627693645391131,-0.18469766352300984,2.4429959818681213,2.4571727157770327
Roberto Firmino,2.6745768345721643,-0.170717033993985,2.503859800578179,2.518387258375435
Curtis Jones,0,-0.12329248183009947,-0.12329248183009947,-0.1239038221445578
Kostas Tsimikas,0,-0.16514364542432164,-0.16514364542432164,-0.16599615040998525
James Milner,0,-0.09514977046330485,-0.09514977046330485,-0.0955989401915543
Alex Oxlade-Chamberlain,0,-0.19537402303583853,-0.19537402303583853,-0.19640072865180674
Harvey Elliott,0,-0.0562299322875417,-0.0562299322875417,-0.056454828921068456
Joe Gomez,0,-0.07562908171521915,-0.07562908171521915,-0.0759657647148013
Caoimhín Kelleher,0,-0.01814545838284413,-0.01814545838284413,-0.018150895655185486
Takumi Minamino,0,-0.019421882336893837,-0.019421882336893837,-0.01943467492117303
Tyler Morton,0,-0.005162121605540919,-0.005162121605540919,-0.0050927432245971085
Divock Origi,0,-0.011244667235783178,-0.011244667235783178,-0.011210339137580159
Kaide Gordon,0,-0.0015564166388555907,-0.0015564166388555907,-0.0014662606121290938
Neco Williams,0,-0.0010155635378012403,-0.0010155635378012403,-9.222908794429255e-4
Adrián,0,NA,NA,NA
Owen Beck,0,NA,NA,NA
Conor Bradley,0,NA,NA,NA
Nathaniel Phillips,0,NA,NA,NA
Marcelo Pitaluga,0,NA,NA,NA
Jarrell Quansah,0,NA,NA,NA
Rhys Williams,0,NA,NA,NA
Ben Woodburn,0,NA,NA,NA
Edouard Mendy,2.00455253733318,-0.4715971913767527,1.5329553459564274,1.5418880285201713
Antonio Rüdiger,1.9257038932612447,-0.4028809999925523,1.5228228932686925,1.531697188217587
Thiago Silva,1.2367864101250337,-0.3656078301021515,0.8711785800228822,0.8762978160188057
Mason Mount,2.295141657385832,-0.34973205495468856,1.9454096024311436,1.9567190264426138
Jorginho,1.6535990822962954,-0.3436614017112669,1.3099376805850285,1.3175852380214583
Marcos Alonso,0.9899303828984198,-0.2268165313314525,0.7631138515669673,0.7676103714310374
César Azpilicueta,1.2077392374476943,-0.2224120062821028,0.9853272311655915,0.9911042415113102
Reece James,3.392537860053402,-0.31115239415806445,3.081385465895338,3.0992408786459915
Kai Havertz,1.9848062119787493,-0.32680929600562425,1.6579969159731252,1.667650142639596
N'Golo Kanté,1.811821589559503,-0.23550478288661408,1.5763168066728888,1.5854993568990485
Andreas Christensen,0.4161081849065872,-0.18351947547992958,0.2325887094266576,0.23402811186596678
Trevoh Chalobah,1.7405086151147455,-0.2337693696026554,1.50673924551209,1.515520859462659
Romelu Lukaku,-0.01355581403552343,-0.08818540042068958,-0.10174121445621301,-0.10222836696168533
Mateo Kovačić,1.6426294621423567,-0.09992931253550594,1.5427001496068509,1.551688985982496
Timo Werner,0.2839530999104746,-0.20293926493105816,0.08101383497941647,0.08157979683500668
Hakim Ziyech,1.0955995730167143,-0.20667645413804878,0.8889231188786655,0.8941446066523493
Ruben Loftus-Cheek,1.03938968099359,-0.22412743742169258,0.8152622435718975,0.820059265231657
Christian Pulisic,-0.26320598699105635,-0.15517794655869466,-0.418383933549751,-0.42069571960615976
Callum Hudson-Odoi,0.09431438424922792,-0.13687465664642176,-0.042560272397193843,-0.04270639848410193
Malang Sarr,0,-0.04229625755250293,-0.04229625755250293,-0.04244086227064262
Ben Chilwell,0,-0.10032085522069843,-0.10032085522069843,-0.10079982299631839
Saúl Ñíguez,0,-0.09070732213302239,-0.09070732213302239,-0.09113089253501876
Kepa Arrizabalaga,0,0.01297361248579306,0.01297361248579306,0.013147496882187472
Ross Barkley,0,-0.024954313382026038,-0.024954313382026038,-0.024998986248700762
Kenedy,0,-0.01634812475281259,-0.01634812475281259,-0.016343205004304168
Emerson Palmieri,0,-6.085728935072561e-4,-6.085728935072561e-4,-5.129549774192768e-4
Tammy Abraham,0,NA,NA,NA
Marcus Bettinelli,0,NA,NA,NA
Lewis Hall,0,NA,NA,NA
Harvey Vale,0,NA,NA,NA
Kurt Zouma,-0.3376704343657448,0.0045723229503019415,-0.3330981114154428,-0.3349184433404225
Hugo Lloris,2.20098953353843,-0.4019829581777462,1.7990065753606839,1.8094723612303514
Harry Kane,3.1774158441904095,-0.4067378365285671,2.7706780076618425,2.7867429884251695
Pierre Højbjerg,1.836641731742362,-0.3962966022357029,1.4403451295066592,1.4487441515820854
Eric Dier,1.3374188149753063,-0.375684962992056,0.9617338519832503,0.967374906980432
Son Heung-min,3.144270652193629,-0.38275473300402124,2.7615159191896077,2.7775281040002255
Ben Davies,0.1489471653504286,-0.3273412538335768,-0.17839408848314822,-0.17932294830507373
Emerson,0.1533646889507819,-0.30177667622617377,-0.14841198727539187,-0.14916807714401528
Sergio Reguilón,0.5336326347631949,-0.23396143950485032,0.29967119525834457,0.30149715626018475
Cristian Romero,0.568346873247351,-0.22626167685057222,0.3420851963967788,0.34415556538541303
Lucas Moura,0.04305371133915024,-0.2181889558085393,-0.17513524446938908,-0.1760453254097354
Davinson Sánchez,0.6840776287374495,-0.1718415670129951,0.5122360617244544,0.5152869142640336
Rodrigo Bentancur,2.097132417062469,-0.19399337299135863,1.9031390440711102,1.9142048866756831
Oliver Skipp,-0.13334440336337625,-0.1452252837189822,-0.2785696870823584,-0.28007580242657265
Dejan Kulusevski,1.974219600293117,-0.1665970805126731,1.8076225197804439,1.8181379544824177
Ryan Sessegnon,-0.03290137728334434,-0.12351684823207144,-0.1564182255154158,-0.15722045082322236
Japhet Tanganga,0,-0.05962078225864557,-0.05962078225864557,-0.059865218449693745
Harry Winks,0.1424011582641657,-0.07840066225862728,0.06400049600553841,0.06446841957623119
Matt Doherty,0,-0.09409799742993247,-0.09409799742993247,-0.09454110638290132
Dele Alli,0,-0.009817998384643334,-0.009817998384643334,-0.00977544919782878
Tanguy Ndombele,0,-0.039152467591434786,-0.039152467591434786,-0.039278956419663974
Steven Bergwijn,0,-0.03191507899443678,-0.03191507899443678,-0.031999862830702
Giovani Lo Celso,0,-0.006152987210040869,-0.006152987210040869,-0.006089318629188515
Bryan,0,-0.004263340776157644,-0.004263340776157644,-0.004188783227788396
Joe Rodon,0,-0.006232198719482231,-0.006232198719482231,-0.006168986589920344
Dane Scarlett,0,-3.995209400619271e-4,-3.995209400619271e-4,-3.026983753742987e-4
Brandon Austin,0,NA,NA,NA
Jamie Bowden,0,NA,NA,NA
Matthew Craig,0,NA,NA,NA
Alfie Devine,0,NA,NA,NA
Pierluigi Gollini,0,NA,NA,NA
Marcel Lavinier,0,NA,NA,NA
Dilan Markanday,0,NA,NA,NA
Tobi Omole,0,NA,NA,NA
Moussa Sissoko,-0.23952146354138565,0.3234172521643151,0.08389578862292946,0.08447835755328599
Harvey White,0,NA,NA,NA
Bukayo Saka,1.4972898225811733,-0.051443746501793,1.4458460760793803,1.4542767970099302
Gabriel Dos Santos,1.0477001132276422,-0.06802875521323419,0.9796713580144081,0.985415776750438
Aaron Ramsdale,0.20776841085818257,-0.06138241791673918,0.1463859929414434,0.14732865770388112
Ben White,0.14650068111581277,-0.06665848073522981,0.07984220038058296,0.080401410766237
Martin Ødegaard,0.9303441583521366,-0.0733258541880158,0.8570183041641208,0.8620559424700789
Granit Xhaka,0.6590273138160001,-0.01362834712813188,0.6453989666878682,0.6492171620068172
Thomas Partey,0.7987572528470348,-0.021028449006396395,0.7777288038406384,0.782309541438627
Kieran Tierney,-0.30281737296812744,-0.027009841243311673,-0.3298272142114391,-0.3316286977990966
Emile Smith Rowe,-0.081858268499938,-0.015151041429721086,-0.09700930992965909,-0.09746919513593788
Martinelli,0.4232503907472625,-0.024735461795574527,0.398514928951688,0.40091047068891666
Alexandre Lacazette,-0.3381235385885247,-0.021673077584234753,-0.35979661617275943,-0.3617707965351183
Takehiro Tomiyasu,-0.767257344205525,-0.012578231343087111,-0.7798355755486122,-0.7842302037272723
Cédric Soares,-0.4793329153806354,0.004351147545165582,-0.4749817678354698,-0.47761969531601645
Nuno Tavares,-0.5720576638886704,-0.017627483055039875,-0.5896851469437103,-0.5929840453587091
Albert Sambi Lokonga,-0.757003543419496,-0.036914142166253563,-0.7939176855857496,-0.7983934610287943
Pierre-Emerick Aubameyang,-0.46421442743552627,-0.003693704835699046,-0.4679081322712253,-0.4705052983762552
Rob Holding,0,-0.002475227242736763,-0.002475227242736763,-0.002390365803738659
Eddie Nketiah,0,-0.016782903172365398,-0.016782903172365398,-0.01678048880687608
Mohamed Elneny,0,0.004774867511947552,0.004774867511947552,0.004901507161336015
Nicolas Pépé,0,-0.017510738308461633,-0.017510738308461633,-0.01751251804670119
Bernd Leno,0,0.017177236073871702,0.017177236073871702,0.017375343584115924
Ainsley Maitland-Niles,0,-0.006130844070272739,-0.006130844070272739,-0.006067047890984332
Pablo Marí,0,0.005659856302779022,0.005659856302779022,0.005791595643847043
Calum Chambers,0,-0.013825345889858186,-0.013825345889858186,-0.013805888788436306
Sead Kolašinac,0,0.01464337212307185,0.01464337212307185,0.014826878403288193
Folarin Balogun,0,-0.0013916034780955017,-0.0013916034780955017,-0.0013004977260015003
Reiss Nelson,0,-2.5538716478297897e-4,-2.5538716478297897e-4,-1.5773403837281998e-4
Ryan Alebiousu,0,NA,NA,NA
Zach Awe,0,NA,NA,NA
Miguel Azeez,0,NA,NA,NA
Héctor Bellerín,0,NA,NA,NA
Mika Biereth,0,NA,NA,NA
Marcelo Flores,0,NA,NA,NA
Omari Hutchinson,0,NA,NA,NA
Karl Jakob Hein,0,NA,NA,NA
Alex Kirk,0,NA,NA,NA
Mazeed Ogungbo,0,NA,NA,NA
Arthur Okonkwo,0,NA,NA,NA
Salah Oulad M'Hand,0,NA,NA,NA
Charlie Patino,0,NA,NA,NA
Zak Swanson,0,NA,NA,NA
David de Gea,1.391248235950214,-0.17597560925930006,1.215272626690914,1.2223746827688067
Bruno Fernandes,2.1563688457010337,-0.17211517144596142,1.9842536742550723,1.9957869347624764
Harry Maguire,0.30073836340791354,-0.13097738048862909,0.16976098291928446,0.17083834457634356
Scott McTominay,0.2624162050623563,-0.09180277854168578,0.17061342652067052,0.17169570032982276
Cristiano Ronaldo,2.5792980659586893,-0.159413120942571,2.4198849450161184,2.433928503043526
Victor Lindelöf,0.1977383998739084,-0.06804558183663767,0.12969281803727073,0.13053928943992113
Fred,0.8020929310265364,-0.08696036471689188,0.7151325663096446,0.7193525970659019
Jadon Sancho,-0.05489076193407206,-0.10664838151626135,-0.1615391434503334,-0.16237087772238332
Raphaël Varane,-0.22388086658324843,-0.14737690165336104,-0.3712577682366095,-0.373297992759554
Aaron Wan-Bissaka,0.30607182306665365,-0.08570294535130196,0.22036887771535169,0.22173786415080934
Diogo Dalot,-0.6254248912128558,-0.07619787972558996,-0.7016227709384458,-0.7055667027997767
Luke Shaw,0.6036852362470879,-0.12203436131990289,0.48165087492718506,0.4845254822710697
Alex Telles,-0.5362893494229763,-0.06508895164448558,-0.6013783010674619,-0.6047445805401762
Nemanja Matić,0.24320414207291455,-0.06249388249043104,0.18071025958248352,0.18185071575065392
Paul Pogba,2.918965639172134,-0.12875381610324768,2.790211823068886,2.806389366202419
Mason Greenwood,1.2764193711665908,-0.11723333209175227,1.1591860390748385,1.1659648997550454
Anthony Elanga,-0.3662603449959962,-0.03718612110122273,-0.4034464660972189,-0.40567217594648186
Marcus Rashford,-1.2835269095759425,-0.01880392666520254,-1.302330836241145,-1.3097363101629
Edinson Cavani,0,-0.04680483726859689,-0.04680483726859689,-0.04697542239089875
Eric Bailly,0,0.018883573040606356,0.018883573040606356,0.019091513209209564
Jesse Lingard,0,-0.0037572137772899786,-0.0037572137772899786,-0.0036797397042464463
Juan Mata,0,-0.0107312671255288,-0.0107312671255288,-0.010693980591809227
Anthony Martial,0,-0.024236179518223017,-0.024236179518223017,-0.024276714184134084
Phil Jones,0,7.809863718790971e-4,7.809863718790971e-4,8.846115349484589e-4
Daniel James,-0.8505430858556599,0.10487326510395631,-0.7456698207517035,-0.7498675709390616
Hannibal Mejbri,0,-0.0024940144148960716,-0.0024940144148960716,-0.002409261235783896
Donny van de Beek,0,0.07283229245387075,0.07283229245387075,0.07335110869047039
Shola Shoretire,0,-4.4377543516083666e-4,-4.4377543516083666e-4,-3.4720788418951407e-4
Alejandro Garnacho,0,-3.251854376139904e-4,-3.251854376139904e-4,-2.2793451931639902e-4
Amad Diallo,0,NA,NA,NA
Álvaro Fernández,0.03622963136759618,0.06413453052498418,0.10036416189258035,0.10104162877758802
Tom Heaton,0,NA,NA,NA
Dean Henderson,0,NA,NA,NA
Andreas Pereira,0,NA,NA,NA
Charlie Savage,0,NA,NA,NA
Brandon Williams,-1.1612907666763888,0.18039901570912628,-0.9808917509672624,-0.9864449525827034
Łukasz Fabiański,1.6285620594344103,-0.054718987022847505,1.5738430724115628,1.5830113679012099
Declan Rice,1.2436907700989672,-0.07562949617708381,1.1680612739218834,1.1748912775790097
Tomáš Souček,-0.13282968469766113,-0.03009893342813892,-0.16292861812580006,-0.16376835915738733
Jarrod Bowen,1.3174118750679396,-0.09590749231656338,1.221504382751376,1.2286423489276337
Michail Antonio,0.9030077023470544,-0.07176753979990808,0.8312401625471464,0.8361292559498464
Pablo Fornals,0.5240307778315801,-0.026881466338127987,0.49714931149345215,0.5001132275933594
Aaron Cresswell,0.6597535600189817,-0.03422683289617629,0.6255267271228053,0.6292304099238399
Craig Dawson,-0.10899473400457688,-0.0417269139282917,-0.15072164793286857,-0.1514910470742868
Saïd Benrahma,0.03022622825508179,-0.05216621524779406,-0.021939986992712268,-0.021967289995083274
Vladimír Coufal,-1.1907038579823548,-0.04707170048219076,-1.2377755584645456,-1.2448090366996214
Manuel Lanzini,0.3379190862625982,-0.017721580366297708,0.32019750589630047,0.3221417484590563
Ben Johnson,-1.0909482214158983,0.03659289475038489,-1.0543553266655135,-1.06033185746842
Angelo Ogbonna,-0.6969606744153166,-0.029977223241009147,-0.7269378976563258,-0.7310277063269763
Issa Diop,-1.0763627914216038,-0.04274904448440814,-1.119111835906012,-1.1254615219791233
Arthur Masuaku,0,0.019564753807734384,0.019564753807734384,0.019776619237229464
Nikola Vlašić,0,-0.01374947132422102,-0.01374947132422102,-0.013729577000435334
Mark Noble,0,0.014041025345806573,0.014041025345806573,0.014221060640988922
Ryan Fredericks,0,-0.020600901315468125,-0.020600901315468125,-0.020620487921702586
Andriy Yarmolenko,0,0.014934492704107023,0.014934492704107023,0.015119676548175287
Alphonse Areola,0,0.003634704391057283,0.003634704391057283,0.003754773922901681
Harrison Ashby,0,-4.827177867703841e-5,-4.827177867703841e-5,5.057483698651603e-5
Sonny Perkins,0,-1.7367184386276008e-4,-1.7367184386276008e-4,-7.554783810756703e-5
Daniel Chesters,0,6.203498397809704e-5,6.203498397809704e-5,1.6151723535313072e-4
Alex Král,0,-2.5375790388158887e-5,-2.5375790388158887e-5,7.36027619532176e-5
Ajibola Alese,0,NA,NA,NA
Jamal Baptiste,0,NA,NA,NA
Conor Coventry,0,NA,NA,NA
Pierre Ekwah Elimby,0,NA,NA,NA
Armstrong Okoflex,0,NA,NA,NA
Darren Randolph,0,NA,NA,NA
Kasper Schmeichel,1.7899285758059906,-0.028287906614624013,1.7616406691913666,1.7718911364007697
Youri Tielemans,1.829027417092852,-0.09241892221919958,1.7366084948736524,1.7467147157689646
Çağlar Söyüncü,0.7536401457550992,-0.05568220502696409,0.6979579407281351,0.7020790037956658
James Maddison,1.5634135464804102,-0.015180666880519346,1.5482328795998908,1.5572535979805997
Harvey Barnes,0.8400609104729625,-0.09697120163048795,0.7430897088424746,0.7474708408563252
Daniel Amartey,-0.216685994309513,0.01020940205716739,-0.2064765922523456,-0.20756727571802414
Kiernan Dewsbury Hall,-0.4284974243684822,-0.0386030455703988,-0.467100469938881,-0.4696929819410354
Timothy Castagne,-0.7710810620404039,-0.010533875561070351,-0.7816149376014743,-0.7860198192409125
Luke Thomas,-0.6899355782093288,0.00926592295553159,-0.6806696552537972,-0.6844928461172478
Jamie Vardy,0.27699650946094784,-0.010319933559040838,0.266676575901907,0.26831240750601315
Wilfred Ndidi,-0.3901000364559831,0.015439380316810292,-0.3746606561391728,-0.37672048958745397
Ademola Lookman,0.9035141316607256,-0.0214227648283116,0.882091366832414,0.8872734870689853
Jonny Evans,0.4155949595066031,-0.04896854853036502,0.36662641097623805,0.36883819715466465
Kelechi Iheanacho,-0.34503320894956907,0.03455440392999922,-0.31047880501956987,-0.312168794628557
Patson Daka,-0.2905670157894948,-0.03111737276430576,-0.32168438855380055,-0.3234389496259589
Ricardo Pereira,0.8325797872037202,-0.04692506563227223,0.7856547215714479,0.7902811317667885
Boubakary Soumaré,-1.6037156778526618,0.021799302095527072,-1.5819163757571346,-1.5909329435869322
Nampalys Mendy,0.7359511806100405,-0.04114519134518064,0.6948059892648598,0.6989088894123421
Marc Albrighton,-2.1586774573297434,0.06506462169936303,-2.0936128356303803,-2.105578021799652
James Justin,-0.10276746151371433,-0.0449760961150599,-0.14774355762877422,-0.14849579571402755
Wesley Fofana,0,-0.03581085841396465,-0.03581085841396465,-0.03591809143161722
Jannik Vestergaard,0,0.027461152231707028,0.027461152231707028,0.02771852015542395
Ayoze Pérez,0,0.0031555450288361753,0.0031555450288361753,0.0032728534352990807
Ryan Bertrand,0,0.01617660493917571,0.01617660493917571,0.016368946376081172
Hamza Choudhury,0,0.022436711630713126,0.022436711630713126,0.022665126534693783
Danny Ward,0,-0.00811942804018928,-0.00811942804018928,-0.008067090949683182
Lewis Brunt,0,0.0010626512611368365,0.0010626512611368365,0.0011678995002350164
Kasey McAteer,0,-1.984694624243185e-4,-1.984694624243185e-4,-1.0048835137057407e-4
Vontae Daley Campbell,0,NA,NA,NA
Eldin Jakupović,0,NA,NA,NA
Benjamin Nelson,0,NA,NA,NA
Dennis Praet,0,NA,NA,NA
Robert Sánchez,0.32577922706859663,0.06783400220464521,0.3936132292732418,0.3959805252775021
Marc Cucurella,0.4822247375942345,0.09603827790339482,0.5782630154976294,0.5816943441633156
Joël Veltman,-0.1967114737456647,0.09784598211725087,-0.09886549162841382,-0.09933607296379951
Leandro Trossard,0.7269289085438991,0.013240871724582643,0.7401697802684818,0.7445340863794419
Lewis Dunk,0.5019240039416244,0.044757184614938175,0.5466811885565626,0.5499305289510468
Neal Maupay,-0.36684360104451663,0.015493671051692892,-0.3513499299928237,-0.35327543686272944
Yves Bissouma,0.613175168693508,0.009768900883424494,0.6229440695769325,0.6266328699779476
Pascal Groß,0.6395172440510768,0.04927639220019967,0.6887936362512764,0.6928618905965117
Alexis Mac Allister,-0.1495122581628004,0.09726034263923386,-0.05225191552356653,-0.05245388908823349
Jakub Moder,-1.1182277369948388,0.029648259355114174,-1.0885794776397246,-1.0947532229381944
Adam Lallana,0.1574418333395645,-0.016358919881721362,0.14108291345784313,0.14199501956168684
Solly March,-1.3092524995750137,0.07216064669393688,-1.2370918528810768,-1.244121391306167
Tariq Lamptey,-1.3039882730442578,0.04807901943641186,-1.255909253607846,-1.263047226109064
Adam Webster,-0.7245096396921634,-0.01724385514680637,-0.7417534948389698,-0.7459286774470789
Danny Welbeck,-0.8305254933631804,0.03696742279866557,-0.7935580705645148,-0.7980317737488476
Shane Duffy,-0.20430151739577465,-0.04877633380411432,-0.25307785119988896,-0.2544370714594498
Dan Burn,-0.6691425025457634,0.20499697756826554,-0.46414552497749784,-0.46672100929705423
Enock Mwepu,-0.1847568837312313,0.030857607678489166,-0.15389927605274215,-0.15468698607431108
Moisés Caicedo,0,0.0553441304845122,0.0553441304845122,0.05576217229887074
Steven Alzate,0,0.008958672874351582,0.008958672874351582,0.009109421436323551
Aaron Connolly,0,-0.003009864743895311,-0.003009864743895311,-0.0029280841195295326
Jason Steele,0,-0.0025739253793534097,-0.0025739253793534097,-0.002489632682096791
Jeremy Sarmiento,0,0.0021008525672533106,0.0021008525672533106,0.0022120833754160473
Taylor Richards,0,-6.213823900997922e-4,-6.213823900997922e-4,-5.258382879220784e-4
Evan Ferguson,0,-0.001485638980104286,-0.001485638980104286,-0.001395075101616081
Jürgen Locadia,0,-6.192753496212727e-4,-6.192753496212727e-4,-5.237191057566718e-4
Florin Andone,0,NA,NA,NA
Michał Karbownik,0,NA,NA,NA
Marc Leonard,0,NA,NA,NA
Thomas Mcgill,0,NA,NA,NA
Odeluga Offiah,0,NA,NA,NA
Haydon Roberts,0,NA,NA,NA
Kjell Scherpen,0,NA,NA,NA
Ed Turns,0,NA,NA,NA
Andi Zeqiri,0,NA,NA,NA
Conor Coady,0.34386941243778235,0.09092471752393042,0.43479412996171274,0.43739872828976895
José Sá,1.0685812493564983,0.09111823912824572,1.159699488484744,1.1664813078845535
João Moutinho,0.6972749057985356,0.03469358052972374,0.7319684863282593,0.7362855330039566
Romain Saïss,0.4111581376435209,0.08780928251278695,0.49896742015630785,0.5019418129918716
Rúben Neves,0.7936045335382229,0.13154708945966487,0.9251516229978878,0.9305818752247869
Max Kilman,-0.02036143860702432,0.07374267407438986,0.05338123546736555,0.053787966223899975
Raúl Jiménez,0.4088446398768577,0.09171261458771027,0.500557254464568,0.5035408086193232
Nélson Semedo,-0.6604376356352256,0.049854878455667336,-0.6105827571795582,-0.614002076745815
Leander Dendoncker,-0.5636494233639877,0.10385796428727696,-0.45979145907671076,-0.4623418533681487
Rayan Aït Nouri,-0.4722623645315541,0.0780062174230635,-0.3942561471084906,-0.3964288983284863
Hwang Hee-chan,-0.8824168634245797,-0.003040966866411402,-0.8854578302909911,-0.8904611000019126
Fernando Marçal,-0.31547363720453736,0.02289381347768862,-0.29257982372684876,-0.29416667159334525
Francisco Trincão,-1.189811297235687,-0.0016976920625162146,-1.1915089892982031,-1.1982758593679963
Daniel Podence,-0.8854341964768978,0.012803820084184174,-0.8726303763927137,-0.8775597287155363
Adama Traoré,-1.4912836479558145,0.07097885587204486,-1.4203047920837697,-1.4283900834306131
Jonny Castro,-0.08154988648110596,0.0015680882240416874,-0.07998179825706428,-0.08034356350916974
Willy Boly,-0.4601652748355848,0.008471129357332663,-0.4516941454782521,-0.4541978795145403
Fábio Silva,0,-0.016710316898050182,-0.016710316898050182,-0.016707484258766878
Pedro Neto,0,0.019293510881836697,0.019293510881836697,0.019503813291204666
Toti Gomes,0,-0.004542009035170697,-0.004542009035170697,-0.004469057294938872
Ki-Jana Hoever,0,0.02980176132301652,0.02980176132301652,0.030072616857911922
Luke Cundle,0,9.714437531041595e-4,9.714437531041595e-4,0.0010761664147321541
Chiquinho,0,0.014674579226139227,0.014674579226139227,0.014858265335304259
John Ruddy,0,-8.707211304678294e-4,-8.707211304678294e-4,-7.766138269397929e-4
Chem Campbell,0,-6.165128205415421e-4,-6.165128205415421e-4,-5.209406577786361e-4
Morgan Gibbs-White,0,1.9245575665426744e-4,1.9245575665426744e-4,2.9268954944558647e-4
Hugo Bueno,0,NA,NA,NA
Ryan John Giles,0,NA,NA,NA
Bruno Jordão,0,NA,NA,NA
Christian Marques,0,NA,NA,NA
Yerson Mosquera,0,NA,NA,NA
Louie Moulden,0,NA,NA,NA
Dion Sanderson,0,NA,NA,NA
James Storer,0,NA,NA,NA
Allan Saint-Maximin,0.04387831344581591,0.36210278595737794,0.4059810994031938,0.4084196644732875
Joelinton,-0.4649991584290704,0.3063268455390868,-0.15867231288998362,-0.1594875272330731
Martin Dúbravka,1.5738881976651955,0.2793734908173874,1.8532616884825828,1.864040115994526
Fabian Schär,-1.2704535968378532,0.254995923524603,-1.01545767331325,-1.0212100588600697
Joe Willock,-1.309600141984198,0.22854192117954644,-1.0810582208046515,-1.087188625338471
Jamaal Lascelles,-1.5207645993540162,0.31756786072155757,-1.2031967386324587,-1.2100309586152114
Jonjo Shelvey,-1.8682946748291709,0.2238889749475943,-1.6444056998815766,-1.6537823584713929
Miguel Almirón,-2.328264334333002,0.2369228922916034,-2.0913414420413985,-2.1032935394494263
Emil Krafth,-1.8124028230970517,0.22518791648938385,-1.587214906607668,-1.5962620068848503
Ryan Fraser,-1.3592642224017266,0.21250675723871307,-1.1467574651630135,-1.153266457418258
Matt Targett,-1.0944777598472597,0.2436830760727408,-0.8507946837745188,-0.8555982093059561
Callum Wilson,-1.957271473464312,0.209860960794753,-1.747410512669559,-1.757380729948673
Sean Longstaff,-1.7647764840590754,0.21173912672544928,-1.553037357333626,-1.5618875116545814
Chris Wood,-2.790264396329139,0.31139432521520394,-2.478870071113935,-2.493055277625429
Javier Manquillo,-1.77137427229659,0.22260409306840245,-1.5487701792281876,-1.5575957442064248
Matt Ritchie,-1.9432992000487117,0.23408508617705964,-1.7092141138716521,-1.718964226829495
Jacob Murphy,-2.2726344674404166,0.19303435209398304,-2.0796001153464334,-2.0914845541053646
Ciaran Clark,-1.1969818326996902,0.17095642725037588,-1.0260254054493143,-1.031838686881149
Isaac Hayden,-1.5963885699504143,0.19606153737050858,-1.4003270325799058,-1.4082972033568917
Bruno Guimarães,1.4180007172346385,0.11517664407967419,1.5331773613143127,1.5421113232274508
Karl Darlow,0,0.10845345510895102,0.10845345510895102,0.10917753603216618
Federico Fernández,0,0.04572412810837246,0.04572412810837246,0.04608673527024367
Kieran Trippier,0,0.019761664696521707,0.019761664696521707,0.019974664812502728
Freddie Woodman,0,0.06271072869071984,0.06271072869071984,0.06317122005920611
Jamal Lewis,0,0.011256731211884875,0.011256731211884875,0.011420722189020144
Paul Dummett,0,0.008128506847542977,0.008128506847542977,0.008274471630529917
Jeff Hendrick,0,0.004755644736458495,0.004755644736458495,0.004882173615824518
Dwight Gayle,0,0.0021432208187120915,0.0021432208187120915,0.0022546957712320003
Elliot Anderson,0,NA,NA,NA
Lucas De Bolle,0,NA,NA,NA
Mark Gillespie,0,NA,NA,NA
Joe White,0,NA,NA,NA
Marc Guéhi,1.0382057536014555,0.05115785792599226,1.0893636115274479,1.0957401249050684
Tyrick Mitchell,-1.13451841449017,0.07948170755315502,-1.055036706937015,-1.0610171641504447
Conor Gallagher,1.1118910072764032,0.04270331559747381,1.154594322873877,1.1613467240812096
Joachim Andersen,0.6135434372990604,0.06933766895593216,0.6828811062549925,0.6869152900217759
Wilfried Zaha,0.7883412101275008,0.06790146003060836,0.8562426701581092,0.8612758389223873
Vicente Guaita,1.534249472095902,0.0782738559627055,1.6125233280586073,1.6219145160638773
Joel Ward,-0.36340465705010894,0.012343296580132054,-0.3510613604699769,-0.3529852044763414
Jordan Ayew,-0.3491219958886215,0.07882019408887213,-0.27030180179974933,-0.27176027398032115
Cheikhou Kouyaté,-1.174145235972729,0.1087994600975309,-1.065345775875198,-1.071385638443399
Jeffrey Schlupp,-0.5429158460813769,0.0474152492143566,-0.4955005968670203,-0.498256762796201
Odsonne Édouard,-0.3148339849587508,0.008546119837132002,-0.3062878651216188,-0.30795370470571465
James McArthur,-0.36524378947097247,0.04380561177347953,-0.32143817769749294,-0.3231913199952348
Nathaniel Clyne,-1.7281919010931637,0.04005689288524139,-1.6881350082079223,-1.697763654158635
Jean-Philippe Mateta,-0.909217211468018,0.025229206264259868,-0.8839880052037582,-0.8889828051409995
Will Hughes,-0.7792456299798648,-0.018760725083404955,-0.7980063550632698,-0.8025056912044057
Michael Olise,0.07648539772759558,0.0033409196036286565,0.07982631733122424,0.08038543619181547
Christian Benteke,-1.4266579033165934,0.012251910039630031,-1.4144059932769633,-1.4224572931704618
Luka Milivojević,0,-0.026678135263877214,-0.026678135263877214,-0.026732741544623382
Jack Butland,0,-0.013915218070234919,-0.013915218070234919,-0.013896278851542446
Eberechi Eze,0,-0.017436997623232833,-0.017436997623232833,-0.01743835243545886
James Tomkins,0,-0.0020774866305622863,-0.0020774866305622863,-0.0019903332365569077
Jaïro Riedewald,0,0.009130766957008754,0.009130766957008754,0.009282507200198069
Jesuran Rak Sakyi,0,0.004166878407999839,0.004166878407999839,0.004290014558805286
Nathan Ferguson,0,5.513347010761118e-4,5.513347010761118e-4,6.536365109833503e-4
Omotayo Adaramola,0,NA,NA,NA
Scott Banks,0,NA,NA,NA
Reece Hannam,0,NA,NA,NA
Martin Kelly,0,NA,NA,NA
Remi Matthews,0,NA,NA,NA
Robert Street,0,NA,NA,NA
Pontus Jansson,-0.09597492879628162,0.22546648085117743,0.12949155205489582,0.1303368636751102
Christian Nørgaard,0.9275029846293342,0.1678007457715945,1.0953037304009288,1.1017144733361535
Bryan Mbeumo,0.3134502417738716,0.1475458985553488,0.4609961403292204,0.4637517260772792
Rico Henry,-0.9302155256225852,0.16675250742681172,-0.7634630181957736,-0.7677633005529154
Ivan Toney,0.2216369045681298,0.16871491713413936,0.3903518217022691,0.3927003240526146
Ethan Pinnock,-0.8087574472883898,0.20848611307145673,-0.6002713342169331,-0.6036312348635022
Vitaly Janelt,-0.7599379813030231,0.11166333665310077,-0.6482746446499223,-0.6519111613229795
Sergi Canós,-1.3176002998195933,0.12563622080054862,-1.1919640790190447,-1.1987335715144403
David Raya,1.4460428023000775,0.14838307593019157,1.5944258782302692,1.6037127808307217
Kristoffer Ajer,-1.0826181377689144,0.13173896415879616,-0.9508791736101182,-0.9562594296553825
Mathias Jensen,-0.9985774846637588,0.15183844352844025,-0.8467390411353186,-0.851519196283722
Yoane Wissa,-1.7078433137055051,0.06370750083627386,-1.6441358128692314,-1.653510916252286
Mads Roerslev,-2.348591119412973,0.17798363804163614,-2.170607481371337,-2.1830163442948494
Frank Onyeka,-1.8156142259130512,0.12144243845289979,-1.6941717874601514,-1.7038352199677593
Christian Eriksen,1.132366535775704,0.02306616605254149,1.1554327018282455,1.1621899341410364
Shandon Baptiste,-3.013413871286029,0.08505229636612414,-2.928361574919905,-2.9451369476637166
Mads Bech Sørensen,0,0.07164780077733604,0.07164780077733604,0.07215979145590612
Mathias Jørgensen,0,0.03228584173441203,0.03228584173441203,0.03257101162485248
Saman Ghoddos,0,0.062144587044691675,0.062144587044691675,0.06260181605791242
Charlie Goode,0,0.003146803828876669,0.003146803828876669,0.003264061864730179
Josh Dasilva,0,0.01987011232981677,0.01987011232981677,0.02008373736839445
Jonas Lössl,0,0.017165981423672236,0.017165981423672236,0.017364024079709748
Dominic Thompson,0,0.03327764643510915,0.03327764643510915,0.033568531537123227
Marcus Forss,0,-0.0030311157482205806,-0.0030311157482205806,-0.002949457581417048
Mads Bidstrup,0,0.004374265603049512,0.004374265603049512,0.004498596809390122
Tariqe Fosu,0,6.742296954411996e-4,6.742296954411996e-4,7.772396799453549e-4
Finley Stevens,0,-2.873397322407735e-4,-2.873397322407735e-4,-1.8987073047048924e-4
Nathan Young-Coombes,0,-8.961878091508918e-5,-8.961878091508918e-5,8.98957527504309e-6
Matthew Cox,0,NA,NA,NA
Halil Dervişoğlu,0,NA,NA,NA
Patrik Gunnarsson,0,NA,NA,NA
Maxwell Haygarth,0,NA,NA,NA
Julian Jeanvier,0,NA,NA,NA
Edmond-Paris Maghoma,0,NA,NA,NA
Myles Peart-Harris,0,NA,NA,NA
Matty Cash,-0.1500577850614376,0.06990369637360616,-0.08015408868783144,-0.08051684675259775
Emiliano Martínez,1.2889940036996492,0.03530456833505761,1.324298572034707,1.3320288831956988
Tyrone Mings,-0.4119738516408972,0.07214181117912927,-0.33983204046176796,-0.3416911762250381
John McGinn,0.4608696095363291,0.0550861310400344,0.5159557405763635,0.5190280275289978
Ollie Watkins,0.3663848679046918,0.10348548742351016,0.469870355328202,0.4726770781763707
Douglas Luiz,0.18823873874737165,0.07641521653474029,0.26465395528211194,0.26627813166340336
Ezri Konsa,-0.5525728829705863,0.0916537322224764,-0.46091915074810985,-0.46347604329115655
Jacob Ramsey,-0.5417261007502906,0.03910195256268342,-0.5026241481876071,-0.5054213631286792
Emi Buendía,0.8867354490869519,-0.004749833322043715,0.8819856157649082,0.887167126617672
Danny Ings,-0.5350414367339412,0.015499235233472063,-0.5195422015004691,-0.522436905648871
Philippe Coutinho,0.8664080299593313,0.0038511523599535397,0.8702591823192849,0.8753731203443552
Lucas Digne,-0.7449687986315594,0.08662011012927111,-0.6583486885022883,-0.6620432562129922
Ashley Young,-2.3325234978920166,0.04119202101636314,-2.2913314768756536,-2.304436004153082
Marvelous Nakamba,-2.1261433200835107,0.06493302937829208,-2.0612102907052186,-2.072988759268049
Leon Bailey,0,0.014034353508528831,0.014034353508528831,0.014214350357672762
Axel Tuanzebe,0,0.0017110344409918185,0.0017110344409918185,0.0018200189469690002
Kortney Hause,0,0.01802845912553892,0.01802845912553892,0.018231471754536065
Anwar El Ghazi,0,-0.01775397758585454,-0.01775397758585454,-0.017757158974975908
Morgan Sanson,0,0.01579531940862651,0.01579531940862651,0.015985463711887093
Carney Chukwuemeka,0,2.0813456656137904e-4,2.0813456656137904e-4,3.084587074986373e-4
Bertrand Traoré,0,6.152474528420416e-5,6.152474528420416e-5,1.6100405644118223e-4
Tim Iroegbunam,0,-0.00797749999522608,-0.00797749999522608,-0.007924345053378253
Robin Olsen,0,0.023046492963129935,0.023046492963129935,0.023278421693296292
Jed Steer,0,0.010793428708635835,0.010793428708635835,0.010954749934531976
Cameron Archer,0,-3.502391827772161e-4,-3.502391827772161e-4,-2.5313263509434245e-4
Keinan Davis,0,-5.940132190016223e-4,-5.940132190016223e-4,-4.983114037143508e-4
Trézéguet,0,-5.494712311906739e-4,-5.494712311906739e-4,-4.535127455286092e-4
Jaden Philogene Bidace,0,-2.1730037338995025e-4,-2.1730037338995025e-4,-1.194277742642266e-4
Wesley Moraes,0,-1.8572387493615003e-4,-1.8572387493615003e-4,-8.766931824429369e-5
Lamare Bogarde,0,NA,NA,NA
Benjamin Chrisene,0,NA,NA,NA
Josh Feeney,0,NA,NA,NA
Frederic Guilbert,0,NA,NA,NA
Conor Hourihane,0,NA,NA,NA
Kaine Kessler,0,NA,NA,NA
Filip Marshall,0,NA,NA,NA
Tommi O'Reilly,0,NA,NA,NA
Aaron Ramsey,0,NA,NA,NA
Viljami Sinisalo,0,NA,NA,NA
James Ward-Prowse,0.8045315246380417,0.18595576788763649,0.9904872925256781,0.9962940373971407
Oriol Romeu,0.2814769480996925,0.1500330682812866,0.4315100163809791,0.4340956902131819
Mohammed Salisu,-0.34074668789857515,0.15038035070704722,-0.19036633719152793,-0.19136418633598073
Jan Bednarek,0.09161960813392785,0.14174707110466989,0.23336667923859772,0.23481056467952002
Kyle Walker-Peters,-0.18115941898859375,0.14112875504468653,-0.040030663943907224,-0.04016221332282148
Valentino Livramento,-0.9104665010665068,0.07790060544827652,-0.8325658956182304,-0.8372643789160799
Mohamed Elyounoussi,-0.33502923817879604,0.08424983169415151,-0.25077940648464453,-0.2521253821025651
Che Adams,-0.2354310802204976,0.09304129677232227,-0.14238978344817532,-0.14311117074986407
Armando Broja,-1.493549547289316,0.11261588044109114,-1.380933666848225,-1.3887920845873363
Nathan Redmond,-0.8564981234481337,0.1363300868577297,-0.720168036590404,-0.724218834366784
Fraser Forster,-0.16677726877754007,0.08551138420398897,-0.08126588457355109,-0.0816350492914711
Romain Perraud,-1.9635492210865817,0.12583170786380055,-1.8377175132227812,-1.8482081188549437
Alex McCarthy,-0.8249164416768765,0.09581472931469323,-0.7291017123621832,-0.7332039898775987
Adam Armstrong,-1.1020884713402843,0.09881462247949932,-1.003273848860785,-1.0089560258932946
Stuart Armstrong,-1.1302303713420376,0.08495324245416773,-1.04527712888787,-1.0512013471528645
Ibrahima Diallo,-2.1230122782463,0.05213387654315165,-2.070878401703148,-2.0827125821413426
Nathan Tella,0,0.04628679191896573,0.04628679191896573,0.046652641395296734
Lyanco,-1.6596972414044528,0.06756230369142344,-1.5921349377130294,-1.6012103893568632
Jack Stephens,0,0.05822770281482062,0.05822770281482062,0.05866236103152529
Moussa Djenepo,0,0.009303436465985523,0.009303436465985523,0.009456171706249789
Theo Walcott,0,0.016970065054401455,0.016970065054401455,0.017166978754808555
Yan Valery,0,0.024198266356546174,0.024198266356546174,0.02443683210771437
Shane Long,0,0.014012856558349468,0.014012856558349468,0.014192729532683796
Willy Caballero,0,0.00673204000681521,0.00673204000681521,0.006869957738356734
William Smallbone,0,0.0032873785254817515,0.0032873785254817515,0.0034054466140930593
Kgagelo Chauke,0,NA,NA,NA
Tyler Dibling,0,NA,NA,NA
Harry Lewis,0,NA,NA,NA
Dynel Simeu,0,NA,NA,NA
Thierry Small,0,NA,NA,NA
Jordan Pickford,0.716177932348945,0.3457058363229204,1.0618837686718654,1.0681019312009579
Michael Keane,-0.7336057116166961,0.282244745388596,-0.45136096622810007,-0.4538627803401278
Séamus Coleman,-0.7318497972034175,0.284355133137015,-0.4474946640664025,-0.4499741988578682
Abdoulaye Doucouré,-0.4003119366155267,0.27906532721186367,-0.12124660940366305,-0.12184616050824819
Richarlison,-0.18625030163667855,0.28227481497008255,0.096024513333404,0.09667697326930823
Demarai Gray,-0.3879563513689964,0.21645375185155374,-0.17150259951744268,-0.17239174757205286
Anthony Gordon,-1.3095825242885435,0.2786479855286081,-1.0309345387599353,-1.0367761087605716
Allan,-1.031305311401426,0.24910188539360312,-0.7822034260078228,-0.786611698774313
Mason Holgate,-1.4027422468383008,0.2396197373905397,-1.163122509447761,-1.1697258042309462
Ben Godfrey,-1.439039461917405,0.18879081482209994,-1.250248647095305,-1.2573540007111401
Alex Iwobi,-1.1698530697373957,0.24750817741736217,-0.9223448923200335,-0.9275607213822842
Andros Townsend,-1.3112934006035577,0.12145244393875092,-1.1898409566648067,-1.1965982148025283
Dominic Calvert-Lewin,-1.5798463625820398,0.07651011874638529,-1.5033362438356546,-1.5118999986478294
Vitaliy Mykolenko,-1.6271316141646772,0.12083151285321309,-1.506300101311464,-1.514880935164035
Jonjoe Kenny,-2.1839296392515974,0.1436966385761124,-2.040233000675485,-2.051890588937308
Yerry Mina,0,0.07303339073506743,0.07303339073506743,0.07355336578773572
Salomón Rondón,0,0.05486527825442994,0.05486527825442994,0.05528056071323642
Fabian Delph,0,0.09770840847817086,0.09770840847817086,0.09837057175286082
André Gomes,0,0.04471460980732025,0.04471460980732025,0.045071399684121216
Jarrad Branthwaite,0,0.039246281317439756,0.039246281317439756,0.03957156029874709
Asmir Begović,0,0.010097903454526647,0.010097903454526647,0.010255216760336059
Tom Davies,0,0.006869583905039656,0.006869583905039656,0.007008294224555871
Jean-Philippe Gbamin,0,0.00498847647811472,0.00498847647811472,0.005116347035599113
Ellis Simms,0,0.023939677750029285,0.023939677750029285,0.02417675340078181
Lewis Dobbin,0,0.0020609379806427043,0.0020609379806427043,0.0021719387835360633
Tyler Onyango,0,0.0016898340268317658,0.0016898340268317658,0.0017986963667693148
Isaac Price,0,6.927821956163193e-4,6.927821956163193e-4,7.958990877240039e-4
Cenk Tosun,0,7.636051757024177e-4,7.636051757024177e-4,8.671301807331226e-4
Moise Kean,0,-1.4103068544452785e-5,-1.4103068544452785e-5,8.494044214033763e-5
Nathan Broadhead,0,NA,NA,NA
Andy Lonergan,0,NA,NA,NA
Niels Nkounkou,0,NA,NA,NA
Nathan Patterson,0,NA,NA,NA
Harry Tyrer,0,NA,NA,NA
Reece Welch,0,NA,NA,NA
Charlie Whitaker,0,NA,NA,NA
Illan Meslier,0.01469288953888551,0.17235651723325493,0.18704940677214044,0.18822639187323462
Stuart Dallas,-0.00860453457640713,0.14904637112285657,0.14044183654644943,0.14135024848532193
Raphael Dias Belloli,1.022279904182347,0.1436991421460141,1.165979046328361,1.1727970512812735
Jack Harrison,-0.7703994747133965,0.14545276662734224,-0.6249467080860542,-0.6284487990067985
Diego Llorente,-0.6246689695720189,0.08907376445681864,-0.5355952051152002,-0.5385824136770072
Rodrigo,0.10929722063900872,0.0942074477429113,0.20350466838192002,0.20477647588255837
Luke Ayling,-0.2779974539353084,0.12162281305173864,-0.15637464088356975,-0.15717661503770447
Mateusz Klich,-0.7207092912103099,0.11214467763064027,-0.6085646135796696,-0.6119723037216545
Pascal Struijk,-0.5505158152382185,0.11533695734609206,-0.4351788578921264,-0.4375874236329955
Liam Cooper,-1.162238754122891,0.05387132354365629,-1.1083674305792346,-1.1146552026992942
Junior Firpo,0.00780432926974326,0.12819853323861874,0.136002862508362,0.13688569514136947
Kalvin Phillips,-0.34182285725627876,0.0847927979194293,-0.25703005933684947,-0.2584120539446967
Robin Koch,-1.6473705169144934,0.08605335319326861,-1.5613171637212249,-1.5702150299004327
Adam Forshaw,-1.1320590390927958,0.11103895993198558,-1.0210200791608102,-1.02680451771792
Tyler Roberts,-1.9228448696760816,0.05276636476727242,-1.8700785049088091,-1.8807555886995124
Jamie Shackleton,0,0.028725503456646505,0.028725503456646505,0.028990157123966808
Patrick Bamford,0,3.0142120657638275e-4,3.0142120657638275e-4,4.0228290584977703e-4
Joe Gelhardt,0,0.046969665102857217,0.046969665102857217,0.04733944959252417
Sam Greenwood,0,0.0044543195420902095,0.0044543195420902095,0.004579112054168329
Lewis Bate,0,0.009458264160219757,0.009458264160219757,0.009611891585235097
Charlie Cresswell,0,0.006560300747885736,0.006560300747885736,0.006697228842859102
Cody Drameh,0,0.008069599709398542,0.008069599709398542,0.008215225043744579
Leo Fuhr Hjelde,0,1.7959356935538746e-4,1.7959356935538746e-4,2.7975324460959353e-4
Crysencio Summerville,0,0.0017508048237298186,0.0017508048237298186,0.0018600185040107235
Kristoffer Klaesson,0,6.709238916700954e-4,6.709238916700954e-4,7.739148266900534e-4
Hélder Costa,0,0.0019052891929458363,0.0019052891929458363,0.002015393079589211
Liam McCarron,0,2.7521527378826917e-4,2.7521527378826917e-4,3.7592596303896134e-4
Stuart McKinstry,0,3.688395242443991e-4,3.688395242443991e-4,4.7008971728994427e-4
Nohan Kenneh,0,NA,NA,NA
Archie Gray,0,NA,NA,NA
Jack Jenkins,0,NA,NA,NA
Kris Moore,0,NA,NA,NA
Nick Pope,1.2549784227544865,0.40815116370267523,1.6631295864571616,1.6728123898111933
Dwight McNeil,-0.5061467094894201,0.3809539065689324,-0.12519280292048768,-0.1258150937144928
James Tarkowski,-0.9821321796375364,0.36961997035322347,-0.6125122092843129,-0.6159426471957359
Josh Brownhill,-0.8120696725768153,0.37308176900571915,-0.4389879035710961,-0.4414184186956832
Charlie Taylor,-0.6148182773396699,0.295797162877752,-0.3190211144619179,-0.3207603285863324
Ashley Westwood,-0.9874237650864264,0.27741581507103347,-0.7100079500153929,-0.7140002009384038
Ben Mee,-0.9726546319433,0.2513141160613945,-0.7213405158819055,-0.7253980699957095
Maxwel Cornet,-0.47100759465685826,0.2000424427679119,-0.2709651518889464,-0.27242744658226137
Matthew Lowton,-1.726973669616549,0.21429027310463214,-1.5126833965119169,-1.521301013697519
Jack Cork,-1.6944752406540278,0.24320617464036434,-1.4512690660136633,-1.459532787021718
Connor Roberts,-1.6594626122327838,0.24564852932508704,-1.4138140829076968,-1.4218619719552994
Nathan Collins,-1.0283835365723046,0.16098494564278762,-0.867398590929517,-0.8722977954210086
Aaron Lennon,-2.5266899311850803,0.19923964740714914,-2.327450283777931,-2.3407629433853314
Wout Weghorst,-1.0124028052864034,0.18322859540713468,-0.8291742098792687,-0.8338531488035377
Jay Rodriguez,-1.7516703917905596,0.18865102319225022,-1.5630193685983094,-1.5719270436249722
Jóhann Berg Guðmundsson,-2.233452912514049,0.1320631624217383,-2.1013897500923107,-2.1133997502370643
Ashley Barnes,0,0.11039725052323239,0.11039725052323239,0.11113253244402364
Erik Pieters,0,0.13105551026362358,0.13105551026362358,0.13190983409364992
Matěj Vydra,0,0.04304608852487969,0.04304608852487969,0.0433932636537998
Kevin Long,0,0.07255221321538981,0.07255221321538981,0.07306941551317249
Wayne Hennessey,0,0.01546201866844191,0.01546201866844191,0.015650242347363383
Dale Stephens,0,0.0018386805934556025,0.0018386805934556025,0.0019484006522763806
Phil Bardsley,0,NA,NA,NA
Dara Costelloe,0,NA,NA,NA
Owen Dodgson,0,NA,NA,NA
Anthony Gomez Mancini,0,NA,NA,NA
Joseph McGlynn,0,NA,NA,NA
Will Norris,0,NA,NA,NA
Lewis Richardson,0,NA,NA,NA
Bobby Thomas,0,NA,NA,NA
Sam Waller,0,NA,NA,NA
Emmanuel Dennis,0.264866612595993,0.26020739731954723,0.5250740099155402,0.5281988403159138
Craig Cathcart,-1.192930884080863,0.2512388392082636,-0.9416920448725994,-0.9470193606722163
Joshua King,-0.6717209352690541,0.24397515646811865,-0.42774577880093545,-0.43011151189580094
Ben Foster,-0.12976457258207208,0.19678109290892704,0.06701652032685496,0.06750182354607674
Kiko Femenía,-0.918549570396648,0.190452225449728,-0.7280973449469199,-0.7321938348589172
Juraj Kucka,-0.9754417064112388,0.17417066402003784,-0.8012710423912011,-0.8057891910856428
Ismaila Sarr,-1.0459947063619592,0.1801266341825726,-0.8658680721793867,-0.8707584571538218
Tom Cleverley,-1.7876189628814938,0.18486014366294337,-1.6027588192185505,-1.6118954903045732
Samir Santos,-1.041011185681425,0.1552630281422486,-0.8857481575391765,-0.8907531002424197
Hassane Kamara,-1.772784036639259,0.16250297938346622,-1.6102810572557928,-1.619461074760581
Imran Louza,-1.2926342961139714,0.1767124567543135,-1.115921839359658,-1.1222531432803466
João Pedro,-0.7912592197631718,0.1480274081333009,-0.643231811629871,-0.6468392692980457
William Troost-Ekong,-1.6078919968315533,0.1496013989334547,-1.4582905978980985,-1.4665947800375254
Adam Masina,-1.9166467537058447,0.11607378620826289,-1.8005729674975819,-1.8108495300449752
Christian Kabasele,-1.475474736165196,0.10516324326379503,-1.370311492901401,-1.3781087010380217
Daniel Bachmann,0.03607555367442983,0.14186495361422247,0.1779405072886523,0.17906500293520522
Cucho,-2.3611047167782027,0.10700899462990726,-2.2540957221482953,-2.2669856807548743
Jeremy Ngakia,-3.29560430160539,0.09770642014163973,-3.19789788146375,-3.2162264400490783
Edo Kayembe,0,0.06460835248101378,0.06460835248101378,0.06507977878602643
Ken Sema,0,0.07504860415637231,0.07504860415637231,0.07558019174834463
Danny Rose,0,0.06502169999319413,0.06502169999319413,0.06549550818698374
Francisco Sierralta,0,0.06125532573683175,0.06125532573683175,0.061707430438265015
Oghenekaro Etebo,0,0.04130110556069041,0.04130110556069041,0.04163822533614657
Ozan Tufan,0,0.014219138772525834,0.014219138772525834,0.014400200435013248
Samuel Kalu,0,0.01309933894881321,0.01309933894881321,0.013273947835962767
Nicolas Nkoulou,0,0.013572635982501465,0.013572635982501465,0.013749972213736805
Dan Gosling,0,0.009097123560395338,0.009097123560395338,0.009248669935649196
Ashley Fletcher,0,0.001008496070836955,0.001008496070836955,0.0011134322440917723
Troy Deeney,0,0.0014896131514678893,0.0014896131514678893,0.0015973217313321525
Vincent Angelini,0,NA,NA,NA
Kwadwo Baah,0,NA,NA,NA
Adrian Blake,0,NA,NA,NA
Kamil Conteh,0,NA,NA,NA
Tiago Çukur,0,NA,NA,NA
Rob Elliot,0,NA,NA,NA
Shaqai Forde,0,NA,NA,NA
Jack Grieves,0,NA,NA,NA
James Morris,0,NA,NA,NA
Teemu Pukki,-0.4227435164299906,0.2875973916777544,-0.1351461247522362,-0.1358257709309142
Grant Hanley,0.28537966337089404,0.263526141243982,0.548905804614876,0.5521679642180557
Max Aarons,-0.5236417025242184,0.26836320511814804,-0.25527849740607034,-0.2566503987495766
Kenny McLean,-1.7231578950220243,0.21930611760881621,-1.503851777413208,-1.5124185029548693
Tim Krul,0.6796112631610964,0.19265425891769916,0.8722655220787956,0.8773910215092576
Ben Gibson,-0.5000655452223827,0.2090885457168669,-0.29097699950551575,-0.292554611199272
Pierre Lees-Melou,-0.9860735631322872,0.20304473687373967,-0.7830288262585475,-0.787441855341541
Milot Rashica,-1.6701613560114337,0.21232824337166162,-1.4578331126397721,-1.4661346585494643
Billy Gilmour,-0.3194011925075982,0.19406506554721037,-0.12533612696038782,-0.12595924365006678
Mathias Normann,-0.948893637734122,0.133678163837157,-0.815215473896965,-0.8198139764920017
Josh Sargent,-2.2128347321676114,0.14432975953434107,-2.0685049726332703,-2.080325476337245
Dimitris Giannoulis,-1.036478544740724,0.10372090268456562,-0.9327576420561585,-0.9380334739271914
Sam Byram,-1.505862579963436,0.07106403595637663,-1.4347985440070594,-1.442967354678503
Ozan Kabak,-0.7994103202835662,0.0728361385294805,-0.7265741817540857,-0.7306618945349582
Kieran Dowell,-2.047755707130498,0.07044990630780519,-1.977305800822693,-1.9886007750934322
Angus Gunn,0,0.10398022599235417,0.10398022599235417,0.10467853021699078
Lukas Rupp,0,0.07577368673219106,0.07577368673219106,0.07630945256643855
Adam Idah,0,0.031144068401653256,0.031144068401653256,0.03142265889580606
Jakob Sørensen,0,0.035938312164087244,0.035938312164087244,0.03624452918331962
Przemysław Płacheta,0,0.047983164197937196,0.047983164197937196,0.04835878891174706
Todd Cantwell,0,0.047333685280440706,0.047333685280440706,0.047705567413253026
Andrew Omobamidele,0,0.030186465491694348,0.030186465491694348,0.030459537859919644
Christos Tzolis,0,0.01042099754376321,0.01042099754376321,0.010580172658734122
Christoph Zimmermann,0,0.018425466620131333,0.018425466620131333,0.018630766979592265
Tony Springett,0,0.0175564495233599,0.0175564495233599,0.017756742227013535
Jon Rowe,0,0.00808188963075718,0.00808188963075718,0.008227585784994208
Bali Mumba,0,0.006989911030017701,0.006989911030017701,0.007129314726946639
Thomas Dickson-Peters,0,NA,NA,NA
Liam Gibbs,0,NA,NA,NA
Abu Kamara,0,NA,NA,NA
Jon McCracken,0,NA,NA,NA
Michael McGovern,0,NA,NA,NA
Jonathan Tomkinson,0,NA,NA,NA
