Player,weighted_pred,value,rating,rating_scaled
Ederson,88.14835514405634,-1.6787984800836095,86.46955666397272,2.965250455108095
João Cancelo,88.3915539325114,-1.6578114185971489,86.73374251391425,3.0619244913327193
Rodri,87.50666458599585,-1.4793450434653606,86.02731954253049,2.803421774625614
Bernardo Silva,86.60290821223154,-1.4732640263809036,85.12964418585064,2.4749337046974613
Aymeric Laporte,86.94222412478388,-1.4915112399864252,85.45071288479745,2.592422991271468
Rúben Dias,87.2370028902783,-1.2474852617341208,85.98951762854418,2.789588847529474
Kevin De Bruyne,86.60225618469316,-1.111882497355121,85.49037368733804,2.606936145031802
Phil Foden,87.30791480669286,-1.1017761374036759,86.20613866928919,2.8688574016349797
Raheem Sterling,86.64788924618752,-1.1156436841129516,85.53224556207456,2.622258400693746
Jack Grealish,85.99605117712191,-1.0027360040189084,84.993315173103,2.4250465668369383
Gabriel Jesus,86.32615970155581,-0.8790865844723827,85.44707311708342,2.5910910840708605
İlkay Gündoğan,87.76582784764388,-0.9602847137434251,86.80554313390046,3.088198630311144
Kyle Walker,82.89184237178354,-0.8121912614991674,82.07965111028437,1.358843871962637
Riyad Mahrez,83.56571764131496,-0.7325854305758366,82.83313221073912,1.6345666603559388
John Stones,80.48767725729758,-0.6052384823253623,79.88243877497221,0.554813735813509
Oleksandr Zinchenko,84.35965586658338,-0.45005147647067095,83.9096043901127,2.0284821955240613
Fernandinho,81.80161436825611,-0.4196612496561107,81.3819531186,1.103533903859228
Nathan Aké,81.05322472090688,-0.5087268350618686,80.54449788584502,0.7970822997109552
Ferrán Torres,78.36712365667543,-0.14814549249027886,78.21897816418516,-0.053899605120749046
Cole Palmer,78.36712365667543,-0.04937951934301853,78.31774413733241,-0.017757982592854347
Zack Steffen,78.36712365667543,-0.04921333032866731,78.31791032634676,-0.017697168727172086
Benjamin Mendy,78.36712365667543,-0.028188470434908828,78.33893518624052,-0.010003501305406056
James Mcatee,78.36712365667543,-0.003022537269098216,78.36410111940633,-7.944829759369791e-4
Liam Delap,78.36712365667543,-0.001195837458557457,78.36592781921688,-1.2603520064644652e-4
Kayky Chagas,78.36712365667543,-9.687569035386837e-4,78.3661548997719,-4.293917636326064e-5
CJ Egan-Riley,78.36712365667543,-5.438662917126437e-4,78.36657979038372,1.1254186248934259e-4
Scott Carson,78.36712365667543,NA,NA,NA
Thomas Doyle,78.36712365667543,NA,NA,NA
Samuel Edozie,78.36712365667543,NA,NA,NA
Roméo Lavia,78.36712365667543,NA,NA,NA
Luke Mbete-Tatu,78.36712365667543,NA,NA,NA
Cieran Slicker,78.36712365667543,NA,NA,NA
Josh Wilson-Esbrand,78.36712365667543,NA,NA,NA
Alisson,87.27274295832471,-1.1577245544941428,86.11501840383058,2.8355135876279345
Virgil van Dijk,82.84423101268695,-1.0998192395825424,81.7444117731044,1.2361690964830694
Trent Alexander-Arnold,85.43065663927527,-1.0273706973939352,84.40328594188134,2.2091360353480822
Sadio Mané,87.65663856693085,-0.9985811736289035,86.65805739330195,3.0342288895684364
Joël Matip,83.03468884744228,-1.0374873564965772,81.9972014909457,1.3286729241680533
Mohamed Salah,90.13389431734151,-0.9566496446130972,89.17724467272842,3.956079936328856
Jordan Henderson,82.3135305442557,-0.9089522599160657,81.40457828433964,1.1118131742773303
Andrew Robertson,84.3933563134978,-0.8914866409368422,83.50186967256096,1.8792790460618212
Diogo Jota,85.1923430199938,-0.8323411520912007,84.3600018679026,2.193297010901102
Fabinho,81.11434495741202,-0.8072158113253877,80.30712914608662,0.7102215001977508
Thiago Alcántara,84.88515742091548,-0.6137141209163225,84.27144329999915,2.1608906038077866
Naby Keïta,80.21147756018797,-0.436992368818162,79.7744851913698,0.5153100733195972
Ibrahima Konaté,77.32976317045411,-0.24393785874095864,77.08582531171315,-0.46855640801977466
Luis Díaz,85.32550294133473,-0.33488416635753526,84.9906187749772,2.424059868684301
Roberto Firmino,85.44965402453587,-0.31210361146957655,85.1375504130663,2.477826845629936
Curtis Jones,78.36712365667543,-0.23560954704687279,78.13151410962855,-0.08590549483978302
Kostas Tsimikas,78.36712365667543,-0.2991620421562306,78.0679616145192,-0.10916138161693735
James Milner,78.36712365667543,-0.1707623884300523,78.19636126824538,-0.06217584935508058
Alex Oxlade-Chamberlain,78.36712365667543,-0.36849908706930096,77.99862456960614,-0.13453401983021832
Harvey Elliott,78.36712365667543,-0.12542575956203472,78.2416978971134,-0.04558572954942542
Joe Gomez,78.36712365667543,-0.13665692899181833,78.23046672768362,-0.049695572981764816
Caoimhín Kelleher,78.36712365667543,-0.03289769980137216,78.33422595687406,-0.011726758665569286
Takumi Minamino,78.36712365667543,-0.0353646158043919,78.33175904087103,-0.012629481983615305
Tyler Morton,78.36712365667543,-0.009221876712409129,78.35790177996303,-0.0030630191827128728
Divock Origi,78.36712365667543,-0.02073551740295379,78.34638813927248,-0.007276227866834663
Kaide Gordon,78.36712365667543,-0.0028475801380470627,78.36427607653738,-7.304605764453193e-4
Neco Williams,78.36712365667543,-0.0018570509801142387,78.36526660569531,-3.679943364229533e-4
Adrián,78.36712365667543,NA,NA,NA
Owen Beck,78.36712365667543,NA,NA,NA
Conor Bradley,78.36712365667543,NA,NA,NA
Nathaniel Phillips,78.36712365667543,NA,NA,NA
Marcelo Pitaluga,78.36712365667543,NA,NA,NA
Jarrell Quansah,78.36712365667543,NA,NA,NA
Rhys Williams,78.36712365667543,NA,NA,NA
Ben Woodburn,78.36712365667543,NA,NA,NA
Edouard Mendy,83.67536682849854,-0.8615919881374353,82.8137748403611,1.6274831805800456
Antonio Rüdiger,83.46656822197302,-0.7363903325683955,82.73017788940463,1.5968923875196934
Thiago Silva,81.64225009725453,-0.6488662854336165,80.99338381182092,0.9613439900252668
Mason Mount,84.44487407941735,-0.6407602920275247,83.80411378738982,1.9898798163608833
Jorginho,82.74600915558581,-0.6247192759850462,82.12128987960077,1.3740808269098177
Marcos Alonso,80.98855217886904,-0.40951076006486065,80.57904141880418,0.8097228811704078
César Azpilicueta,81.5653304590043,-0.38633089090131817,81.17899956810298,1.0292667207492805
Reece James,87.35088217404406,-0.5874757461615728,86.76340642788249,3.0727794644289848
Kai Havertz,83.62307670649919,-0.5914247440272143,83.03165196247198,1.7072113749558073
N'Golo Kanté,83.1649971981372,-0.4270154725960158,82.73798172554119,1.5997480602876475
Andreas Christensen,79.46901716663983,-0.33003799344194346,79.13897917319788,0.28275813370845854
Trevoh Chalobah,82.97615375172776,-0.4527566310035735,82.5233971207242,1.5212247030983204
Romelu Lukaku,78.33122658939861,-0.16101188458766436,78.17021470481095,-0.07174371160496912
Mateo Kovačić,82.71696057232587,-0.16626195699455515,82.55069861533131,1.531215191533711
Timo Werner,79.1190581037132,-0.3692037551830324,78.74985434853016,0.1403649381449804
Hakim Ziyech,81.26837410743957,-0.38545030300222444,80.88292380443734,0.9209231470560617
Ruben Loftus-Cheek,81.11952504014717,-0.43352626256020876,80.68599877758696,0.8488619931998563
Christian Pulisic,77.67012951099592,-0.29923177864168893,77.37089773235424,-0.3642393088042133
Callum Hudson-Odoi,78.61687699407696,-0.2483497206811934,78.36852727339577,8.251880670269066e-4
Malang Sarr,78.36712365667543,-0.07640591390994515,78.29071774276548,-0.027647803141391668
Ben Chilwell,78.36712365667543,-0.19069574071024065,78.17642791596519,-0.06947009929632414
Saúl Ñíguez,78.36712365667543,-0.16420451060858682,78.20291914606685,-0.05977611250994212
Kepa Arrizabalaga,78.36712365667543,0.023416099282041473,78.39053975595748,0.008880258151345613
Ross Barkley,78.36712365667543,-0.05324993546345144,78.31387372121198,-0.019174291408463218
Kenedy,78.36712365667543,-0.029615848656199175,78.33750780801924,-0.010525824563448737
Emerson Palmieri,78.36712365667543,-0.0011074941128735763,78.36601616256256,-9.37075502350973e-5
Tammy Abraham,78.36712365667543,NA,NA,NA
Marcus Bettinelli,78.36712365667543,NA,NA,NA
Lewis Hall,78.36712365667543,NA,NA,NA
Harvey Vale,78.36712365667543,NA,NA,NA
Kurt Zouma,77.47294066861909,-0.006277939230103201,77.46666272938899,-0.32919583923747664
Hugo Lloris,84.19555042278198,-0.7710152066970235,83.42453521608495,1.850979899652473
Harry Kane,86.78121889481031,-0.7728117918799515,86.00840710293036,2.796501109225088
Pierre Højbjerg,83.2307232630879,-0.7544064555567745,82.47631680753112,1.5039965135336573
Eric Dier,81.90873414591971,-0.7291870313065307,81.17954711461317,1.029467085496948
Son Heung-min,86.69344731695496,-0.732585438478207,85.96086187847675,2.779102793788611
Ben Davies,78.7615497236947,-0.6152245640422626,78.14632515965243,-0.08048565881582406
Emerson,78.7732477406093,-0.5853586732621602,78.18788906734714,-0.06527609812586067
Sergio Reguilón,79.78023293517417,-0.4373397453465782,79.34289318982759,0.35737678203777834
Cristian Romero,79.87215949532495,-0.41092552196077753,79.46123397336417,0.4006814525831464
Lucas Moura,78.4811339232967,-0.4196889336418408,78.06144498965486,-0.11154602268812853
Davinson Sánchez,80.17862539290503,-0.35907370187140475,79.81955169103362,0.5318013442259735
Rodrigo Bentancur,83.9205270352123,-0.36674299029804514,83.55378404491425,1.8982761721931862
Oliver Skipp,78.01401516713884,-0.27614483953000446,77.73787032760883,-0.22995232115919279
Dejan Kulusevski,83.59504236559448,-0.3120195703884251,83.28302279520605,1.7991959872843097
Ryan Sessegnon,78.27999772305424,-0.23990199585594926,78.04009572719829,-0.11935839936368486
Japhet Tanganga,78.36712365667543,-0.1232689478715974,78.24385470880384,-0.04479648329896392
Harry Winks,78.74421528283011,-0.15832344438479296,78.58589183844532,0.08036582145144511
Matt Doherty,78.36712365667543,-0.18359515454003542,78.1835285021354,-0.06687176814124174
Dele Alli,78.36712365667543,-0.017117741891762028,78.35000591478367,-0.0059523683153161035
Tanguy Ndombele,78.36712365667543,-0.07675263120894284,78.29037102546648,-0.02777467806951607
Steven Bergwijn,78.36712365667543,-0.06962395634804208,78.29749970032739,-0.025166068365818653
Giovani Lo Celso,78.36712365667543,-0.011465446586591705,78.35565821008883,-0.0038840130222333818
Bryan,78.36712365667543,-0.016304138118698217,78.35081951855673,-0.005654644721688853
Joe Rodon,78.36712365667543,-0.009302871709007272,78.35782078496642,-0.003092657837613795
Dane Scarlett,78.36712365667543,-7.060336360570989e-4,78.36641762303937,5.319965424370798e-5
Brandon Austin,78.36712365667543,NA,NA,NA
Jamie Bowden,78.36712365667543,NA,NA,NA
Matthew Craig,78.36712365667543,NA,NA,NA
Alfie Devine,78.36712365667543,NA,NA,NA
Pierluigi Gollini,78.36712365667543,NA,NA,NA
Marcel Lavinier,78.36712365667543,NA,NA,NA
Dilan Markanday,78.36712365667543,NA,NA,NA
Tobi Omole,78.36712365667543,NA,NA,NA
Moussa Sissoko,77.7328483510054,0.5884982809523698,78.32134663195777,-0.01643971480528115
Harvey White,78.36712365667543,NA,NA,NA
Bukayo Saka,82.33208757202912,-0.08759640981407618,82.24449116221504,1.4191641092317466
Gabriel Dos Santos,81.14153184432901,-0.13001801754559597,81.01151382678341,0.9679783412731672
Aaron Ramsdale,78.91731389999315,-0.10541311785193495,78.81190078214121,0.16306970894118494
Ben White,78.75507120392956,-0.1112989252404341,78.64377227868913,0.1015461222815821
Martin Ødegaard,80.83076226631164,-0.13114249804031447,80.69961976827132,0.8538463485206521
Granit Xhaka,80.11228980894937,-0.017990288239674652,80.0942995207097,0.63234034601059
Thomas Partey,80.48230779597979,-0.028037281325561787,80.45427051465423,0.764065224220796
Kieran Tierney,77.5652348448681,-0.026123874801037825,77.53911097006706,-0.3026847151735939
Emile Smith Rowe,78.15035528232285,-0.0037315093776791753,78.14662377294518,-0.0803763866792351
Martinelli,79.48793039773726,-0.04602631582763933,79.44190408190961,0.39360802822256896
Alexandre Lacazette,77.47174080613013,-0.02528536277848737,77.44645544335164,-0.336590330285382
Takehiro Tomiyasu,76.3353542305528,-0.02336104356999603,76.3119931869828,-0.7517262858709821
Cédric Soares,77.09780512911797,0.023824416801716285,77.12162954591969,-0.4554544957279398
Nuno Tavares,76.85226129628752,-0.028556212751698718,76.82370508353583,-0.5644745672990472
Albert Sambi Lokonga,76.36250725697339,-0.06764439508779295,76.29486286188559,-0.7579948186835991
Pierre-Emerick Aubameyang,77.13784030350641,-0.003893845002690458,77.13394645850371,-0.4509473442147636
Rob Holding,78.36712365667543,0.0035148041755299897,78.37063846085096,0.0015977389533241525
Eddie Nketiah,78.36712365667543,-0.0351839247613652,78.33193973191406,-0.012563361362685094
Mohamed Elneny,78.36712365667543,0.017764753584095457,78.38488841025952,0.006812250349856681
Nicolas Pépé,78.36712365667543,-0.03856790893861107,78.32855574773681,-0.013801669201682522
Bernd Leno,78.36712365667543,0.044110746625158556,78.4112344033006,0.016453090259300807
Ainsley Maitland-Niles,78.36712365667543,-0.004724611972970931,78.36239904470246,-0.0014173264462269295
Pablo Marí,78.36712365667543,0.01039638860023703,78.37752004527567,0.004115930378433691
Calum Chambers,78.36712365667543,-0.011525491906739158,78.3555981647687,-0.003905985521728043
Sead Kolašinac,78.36712365667543,0.03935673630198415,78.40648039297741,0.014713446117507063
Folarin Balogun,78.36712365667543,-0.002467951232150926,78.36465570544328,-5.915422407002602e-4
Reiss Nelson,78.36712365667543,-4.088544372988756e-4,78.36671480223814,1.619470100662171e-4
Ryan Alebiousu,78.36712365667543,NA,NA,NA
Zach Awe,78.36712365667543,NA,NA,NA
Miguel Azeez,78.36712365667543,NA,NA,NA
Héctor Bellerín,78.36712365667543,NA,NA,NA
Mika Biereth,78.36712365667543,NA,NA,NA
Marcelo Flores,78.36712365667543,NA,NA,NA
Omari Hutchinson,78.36712365667543,NA,NA,NA
Karl Jakob Hein,78.36712365667543,NA,NA,NA
Alex Kirk,78.36712365667543,NA,NA,NA
Mazeed Ogungbo,78.36712365667543,NA,NA,NA
Arthur Okonkwo,78.36712365667543,NA,NA,NA
Salah Oulad M'Hand,78.36712365667543,NA,NA,NA
Charlie Patino,78.36712365667543,NA,NA,NA
Zak Swanson,78.36712365667543,NA,NA,NA
David de Gea,82.05127950255745,-0.31257089013374806,81.73870861242371,1.2340821279252816
Bruno Fernandes,84.07739065539069,-0.31748048847836036,83.75991016691232,1.9737043004948838
Harry Maguire,79.16350705612932,-0.23556411772700336,78.92794293840231,0.20553323838627924
Scott McTominay,79.06202638571598,-0.16465268031268052,78.8973737054033,0.19434698015572024
Cristiano Ronaldo,85.19734690686609,-0.28300030371536755,84.91434660315072,2.3961494461400377
Victor Lindelöf,78.89075348996198,-0.11700229546153113,78.77375119450045,0.14910955695593067
Fred,80.49114098472889,-0.1480876830790042,80.34305330164989,0.723367295542319
Jadon Sancho,78.22176776961031,-0.19323427728942477,78.02853349232089,-0.12358939021207066
Raphaël Varane,77.77426611904092,-0.2666603992218205,77.5076057198191,-0.314213491996468
Aaron Wan-Bissaka,79.17763055765319,-0.13796929393713955,79.03966126371604,0.24641454005601088
Diogo Dalot,76.71093987179664,-0.1357685046253112,76.57517136717132,-0.6554209881773063
Luke Shaw,79.96573879574395,-0.21658590966168936,79.74915288608226,0.5060401741196069
Alex Telles,76.94697914852338,-0.12419266679302356,76.82278648173036,-0.5648107130246314
Nemanja Matić,79.01115104057985,-0.108644249527876,78.90250679105198,0.19622534006051612
Paul Pogba,86.0968185059486,-0.24050771506279997,85.8563107908858,2.740844213204797
Mason Greenwood,81.74720189617713,-0.21194277437655845,81.53525912180058,1.1596334644910555
Anthony Elanga,77.39723190316664,-0.07148355051090582,77.32574835265574,-0.3807609081610987
Marcus Rashford,74.9682239886867,-0.04041781221928999,74.92780617646741,-1.258244501081361
Edinson Cavani,78.36712365667543,-0.07256595339028894,78.29455770328514,-0.026242639002356547
Eric Bailly,78.36712365667543,0.03408526378812587,78.40120892046356,0.012784446040953926
Jesse Lingard,78.36712365667543,-0.006086324133971914,78.36103733254146,-0.0019156203965241562
Juan Mata,78.36712365667543,-0.019405945086276712,78.34771771158915,-0.006789694911590426
Anthony Martial,78.36712365667543,-0.03974565638942892,78.327378000286,-0.01423264459172836
Phil Jones,78.36712365667543,0.0014327729889112553,78.36855642966434,8.35857276465228e-4
Daniel James,76.11480577338304,0.2058151682784801,76.32062094166152,-0.7485691150061091
Hannibal Mejbri,78.36712365667543,-0.004447843925572573,78.36267581274986,-0.0013160481822849727
Donny van de Beek,78.36712365667543,0.1382400054372218,78.50536366211266,0.05089799099190347
Shola Shoretire,78.36712365667543,-7.977816142732764e-4,78.36632587506116,1.9626140104639253e-5
Alejandro Garnacho,78.36712365667543,-5.877261339004258e-4,78.36653593054153,9.649214607199132e-5
Amad Diallo,78.36712365667543,NA,NA,NA
Álvaro Fernández,78.46306311934502,0.11632459481572491,78.57938771416075,0.07798575474145422
Tom Heaton,78.36712365667543,NA,NA,NA
Dean Henderson,78.36712365667543,NA,NA,NA
Andreas Pereira,78.36712365667543,NA,NA,NA
Charlie Savage,78.36712365667543,NA,NA,NA
Brandon Williams,75.29191676241653,0.2959856291075917,75.58790239152412,-1.0166942234254832
Łukasz Fabiański,82.67970877025084,-0.1182206206462543,82.56148814960459,1.535163426563755
Declan Rice,81.66053349018381,-0.15594611198766034,81.50458737819615,1.1484096943574797
Tomáš Souček,78.01537819045292,-0.07325738968286563,77.94212080077006,-0.1552105526441296
Jarrod Bowen,81.85575389213517,-0.18671409071026276,81.6690398014249,1.2085880859101026
Michail Antonio,80.7583727662969,-0.1490876499418962,80.60928511635501,0.8207900155882528
Pablo Fornals,79.75480631724083,-0.06855335223344794,79.68625296500738,0.48302308501409963
Aaron Cresswell,80.11421297702616,-0.08506568263414371,80.02914729439202,0.6084990665153245
Craig Dawson,78.07849537591498,-0.08705432033966747,77.99144105557532,-0.1371626969368412
Saïd Benrahma,78.4471655447062,-0.10702449863336196,78.34014104607283,-0.009562238697524383
Vladimír Coufal,75.2140281373098,-0.09410621165463486,75.11992192565516,-1.1879432154507792
Manuel Lanzini,79.26196509828141,-0.033918190385471905,79.22804690789593,0.3153508611862933
Ben Johnson,75.47819042130722,0.058972429996796485,75.53716285130402,-1.0352614409745877
Angelo Ogbonna,76.52150640689446,-0.07236200864514195,76.44914439824932,-0.7015382793249667
Issa Diop,75.51681400823416,-0.07333241881550111,75.44348158941867,-1.0695424053300877
Arthur Masuaku,78.36712365667543,0.040661437785836405,78.40778509446127,0.015190878041060011
Nikola Vlašić,78.36712365667543,-0.025148261290320002,78.3419753953851,-0.008890991725353837
Mark Noble,78.36712365667543,0.018767939012941538,78.38589159568838,0.007179347923442867
Ryan Fredericks,78.36712365667543,-0.043667802448003896,78.32345585422743,-0.01566788304310061
Andriy Yarmolenko,78.36712365667543,0.022231936685477037,78.3893555933609,0.00844693525467164
Alphonse Areola,78.36712365667543,0.006693315851882741,78.37381697252731,0.0027608578448474843
Harrison Ashby,78.36712365667543,0.001057077707683595,78.36818073438312,6.983783795666107e-4
Sonny Perkins,78.36712365667543,-3.6332331215018664e-4,78.36676033336329,1.7860830227148044e-4
Daniel Chesters,78.36712365667543,1.2138803507765909e-4,78.36724504471051,3.5597965789345236e-4
Alex Král,78.36712365667543,-7.548213774566949e-5,78.36704817453769,2.8393857687488637e-4
Ajibola Alese,78.36712365667543,NA,NA,NA
Jamal Baptiste,78.36712365667543,NA,NA,NA
Conor Coventry,78.36712365667543,NA,NA,NA
Pierre Ekwah Elimby,78.36712365667543,NA,NA,NA
Armstrong Okoflex,78.36712365667543,NA,NA,NA
Darren Randolph,78.36712365667543,NA,NA,NA
Kasper Schmeichel,83.10702244386994,-0.04095522293651596,83.06606722093342,1.719805016681574
Youri Tielemans,83.21055984357476,-0.1574042796807527,83.05315556389401,1.7150802291858613
Çağlar Söyüncü,80.36283346383193,-0.09075572071471284,80.27207774311722,0.6973950728885752
James Maddison,82.50718939617518,-0.018590594669904738,82.48859880150528,1.5084908872127585
Harvey Barnes,80.59168375619076,-0.17028498446506257,80.4213987717257,0.7520364041029066
Daniel Amartey,77.79331881579388,0.028559176934925972,77.8218779927288,-0.19921123467499402
Kiernan Dewsbury Hall,77.23242227834497,-0.06921422694909304,77.16320805139587,-0.4402395932437237
Timothy Castagne,76.32522866701183,-0.018794084518191558,76.30643458249364,-0.7537603567035532
Luke Thomas,76.54010952069284,0.02700338685198677,76.56711290754482,-0.6583698358086956
Jamie Vardy,79.10063639958466,-0.010410736298764782,79.09022566328589,0.26491766805008793
Wilfred Ndidi,77.33410216370908,0.03769974026318225,77.37180190397225,-0.36390844354487834
Ademola Lookman,80.75971383862912,-0.03837264732328638,80.72134119130584,0.8617949106323413
Jonny Evans,79.46765809763349,-0.08835838957829037,79.3792997080552,0.37069908927992323
Kelechi Iheanacho,77.4534433507976,0.0645465366629438,77.51798988746054,-0.3104135935577209
Patson Daka,77.59767493991913,-0.051431022692827275,77.5462439172263,-0.3000745420995469
Ricardo Pereira,80.57187303994765,-0.07510228614302084,80.49677075380463,0.7796174184813527
Boubakary Soumaré,74.12033409244057,0.04081773528201855,74.16115182772259,-1.538787801559895
Nampalys Mendy,80.31599142467401,-0.07396142013435555,80.24203000453966,0.6863996461147396
Marc Albrighton,72.65074323778971,0.11835622018345962,72.76909945797317,-2.0481842028036246
James Justin,78.09498577766952,-0.0811778982729364,78.01380787939658,-0.12897796207384724
Wesley Fofana,78.36712365667543,-0.06455856332188158,78.30256509335355,-0.02331247935258765
Jannik Vestergaard,78.36712365667543,0.049746799617590404,78.41687045629303,0.018515501971641143
Ayoze Pérez,78.36712365667543,0.005845085516983888,78.37296874219241,0.002450463286847242
Ryan Bertrand,78.36712365667543,0.029212378877695278,78.39633603555313,0.01100130189279739
Hamza Choudhury,78.36712365667543,0.04076574911637852,78.4078894057918,0.015229048886881879
Danny Ward,78.36712365667543,-0.014590603630317122,78.35253305304512,-0.005027607750408001
Lewis Brunt,78.36712365667543,0.0019496143115754273,78.369073270987,0.0010249860158003474
Kasey McAteer,78.36712365667543,-3.6238318668659254e-4,78.36676127348875,1.7895232418942218e-4
Vontae Daley Campbell,78.36712365667543,NA,NA,NA
Eldin Jakupović,78.36712365667543,NA,NA,NA
Benjamin Nelson,78.36712365667543,NA,NA,NA
Dennis Praet,78.36712365667543,NA,NA,NA
Robert Sánchez,79.22981761225982,0.1334041619107513,79.36322177417057,0.3648156600079771
Marc Cucurella,79.64410000074484,0.18463601957883047,79.82873602032367,0.5351621835089319
Joël Veltman,77.84621322011543,0.18788669939022648,78.03409991950566,-0.12155245680544899
Leandro Trossard,80.29209960183701,0.024917229784445376,80.31701683162146,0.713839719984253
Lewis Dunk,79.6962655060788,0.08107578679085817,79.77734129286966,0.5163552120350873
Neal Maupay,77.3956873864332,0.03117529897066581,77.42686268540386,-0.3437599458874398
Yves Bissouma,79.99086902714052,0.02881028857486311,80.01967931571538,0.6050344308667386
Pascal Groß,80.06062531391487,0.09004175643959984,80.15066707035447,0.6529670318738127
Alexis Mac Allister,77.97120117087599,0.1863693895050765,78.15757056038106,-0.07637060769692339
Jakub Moder,75.40595170488265,0.06462606860479253,75.47057777348745,-1.0596270465748996
Adam Lallana,78.7840444014397,-0.02928223740748523,78.75476216403221,0.1421608645117183
Solly March,74.90010021297596,0.13023757276193731,75.0303377857379,-1.2207249120837753
Tariq Lamptey,74.91404037868196,0.09693764048675402,75.01097801916872,-1.22780926870251
Adam Webster,76.44855416239197,-0.020178311601036582,76.42837585079093,-0.7091381538442472
Danny Welbeck,76.16781423621231,0.07434781893040716,76.24216205514271,-0.7772797262638326
Shane Duffy,77.82611407248564,-0.0877626662355506,77.73835140625009,-0.22977627912665347
Dan Burn,76.5951715357095,0.34479746081459495,76.93996899652409,-0.5219298899882402
Enock Mwepu,77.87787009596887,0.05585155932193845,77.93372165529081,-0.1582840681049167
Moisés Caicedo,78.36712365667543,0.09987631162580973,78.46699996830124,0.03685949072379137
Steven Alzate,78.36712365667543,0.026594415083480812,78.39371807175891,0.010043305365983418
Aaron Connolly,78.36712365667543,-0.005563897939236614,78.36155975873619,-0.0017244479742098719
Jason Steele,78.36712365667543,-0.0045752959492271665,78.36254836072621,-0.001362686946449516
Jeremy Sarmiento,78.36712365667543,0.0038656407626399924,78.37098929743807,0.0017261212604741307
Taylor Richards,78.36712365667543,-0.0011456304278322014,78.3659780262476,-1.0766284532119626e-4
Evan Ferguson,78.36712365667543,-0.0026895308812107054,78.36443412579422,-6.726253078859068e-4
Jürgen Locadia,78.36712365667543,-0.001118397636809818,78.36600525903862,-9.769749772434558e-5
Florin Andone,78.36712365667543,NA,NA,NA
Michał Karbownik,78.36712365667543,NA,NA,NA
Marc Leonard,78.36712365667543,NA,NA,NA
Thomas Mcgill,78.36712365667543,NA,NA,NA
Odeluga Offiah,78.36712365667543,NA,NA,NA
Haydon Roberts,78.36712365667543,NA,NA,NA
Kjell Scherpen,78.36712365667543,NA,NA,NA
Ed Turns,78.36712365667543,NA,NA,NA
Andi Zeqiri,78.36712365667543,NA,NA,NA
Conor Coady,79.27772212021088,0.1735385807143387,79.45126070092522,0.39703191381619496
José Sá,81.19682705171897,0.1691657161411414,81.3659927678601,1.097693502013606
João Moutinho,80.21357302063814,0.07422891236977791,80.28780193300791,0.7031490559403999
Romain Saïss,79.45590897710875,0.16898692178639296,79.62489589889515,0.46057057579271665
Rúben Neves,80.46866291185832,0.23083651167761637,80.69949942353594,0.8538023105401545
Max Kilman,78.31320465707763,0.12817793873214992,78.44138259580978,0.027485276333555922
Raúl Jiménez,79.4497826179866,0.15193853488097456,79.60172115286757,0.45209019640274384
Nélson Semedo,76.61822283991775,0.0910109845681981,76.70923382448595,-0.6063632553060531
Leander Dendoncker,76.87452710599864,0.19818072337110482,77.07270782936975,-0.4733565135648777
Rayan Aït Nouri,77.1165286110755,0.15358427823992366,77.27011288931541,-0.4011197002747815
Hwang Hee-chan,76.03040102020779,-0.001834188074659485,76.02856683213314,-0.8554410370653189
Fernando Marçal,77.53171986984874,0.03853919377228213,77.57025906362102,-0.2912866333867359
Francisco Trincão,75.21639172190072,7.611820908211211e-4,75.21715290399155,-1.1523632965265533
Daniel Podence,76.02241083922037,0.015351698134592818,76.03776253735496,-0.852076034965764
Adama Traoré,74.41806465518658,0.12725502249065307,74.54531967767724,-1.3982085212877988
Jonny Castro,78.15117190683894,0.010156163650256893,78.16132807048919,-0.07499561479556939
Willy Boly,77.14856283945396,0.025063963567385907,77.17362680302135,-0.4364270394211782
Fábio Silva,78.36712365667543,-0.03945511250253177,78.3276685441729,-0.014126325308343814
Pedro Neto,78.36712365667543,0.03513345236049742,78.40225710903593,0.01316801170140806
Toti Gomes,78.36712365667543,-0.008069473116234906,78.3590541835592,-0.002641317918145665
Ki-Jana Hoever,78.36712365667543,0.054004838176998936,78.42112849485243,0.02007365421192323
Luke Cundle,78.36712365667543,0.0018695538013410822,78.36899321047677,9.956893192978608e-4
Chiquinho,78.36712365667543,0.019828105738362172,78.38695176241379,0.007567296772478674
John Ruddy,78.36712365667543,-0.0014676189611884862,78.36565603771425,-2.254887286705141e-4
Chem Campbell,78.36712365667543,-0.0011135311583160333,78.36601012551712,-9.591669788426444e-5
Morgan Gibbs-White,78.36712365667543,3.408649907518609e-4,78.36746452166618,4.3629328243848675e-4
Hugo Bueno,78.36712365667543,NA,NA,NA
Ryan John Giles,78.36712365667543,NA,NA,NA
Bruno Jordão,78.36712365667543,NA,NA,NA
Christian Marques,78.36712365667543,NA,NA,NA
Yerson Mosquera,78.36712365667543,NA,NA,NA
Louie Moulden,78.36712365667543,NA,NA,NA
Dion Sanderson,78.36712365667543,NA,NA,NA
James Storer,78.36712365667543,NA,NA,NA
Allan Saint-Maximin,78.4833175470335,0.6915716483684443,79.17488919540193,0.29589875720570386
Joelinton,77.13576226221758,0.5736690677828267,77.70943133000041,-0.24035905825581158
Martin Dúbravka,82.5349272551703,0.5237576331015336,83.05868488827184,1.7171035854909722
Fabian Schär,75.00284334726305,0.47920798909463064,75.48205133635769,-1.055428503644655
Joe Willock,74.89917962326308,0.42621757145652844,75.32539719471961,-1.112753255014981
Jamaal Lascelles,74.33999633018945,0.5747172251694151,74.91471355535886,-1.263035509106976
Jonjo Shelvey,73.41970408751348,0.4253630167135735,73.84506710422706,-1.65445329241045
Miguel Almirón,72.20166127804174,0.43502063081837233,72.63668190886011,-2.0966400112527332
Emil Krafth,73.56771095427901,0.3827493300424685,73.95046028432148,-1.6158865632970936
Ryan Fraser,74.76766447918412,0.36329119192758896,75.1309556711117,-1.1839056157527057
Matt Targett,75.4688438724246,0.4236177237420656,75.89246159616667,-0.905246287857879
Callum Wilson,73.18408517755265,0.42370340176704574,73.60778857931969,-1.7412810794296918
Sean Longstaff,73.6938299680184,0.3831702596878323,74.07700022770624,-1.5695815584175838
Chris Wood,70.97824177229235,0.5376045565220174,71.51584632881436,-2.5067895309608224
Javier Manquillo,73.67635840580756,0.4467553977235499,74.12311380353111,-1.5527071289175645
Matt Ritchie,73.22108506833719,0.42523932075068394,73.64632438908787,-1.727179596438462
Jacob Murphy,72.34897438437461,0.33115476655782405,72.68012915093244,-2.080741278391415
Ciaran Clark,75.19740347130303,0.31070184519498284,75.50810531649802,-1.04589452057766
Isaac Hayden,74.13973696154325,0.36341220188338985,74.50314916342664,-1.4136400586815534
Bruno Guimarães,82.1221225827275,0.19993222583560352,82.32205480856311,1.447547123531819
Karl Darlow,78.36712365667543,0.1974950490598365,78.56461870573527,0.07258130308046577
Federico Fernández,78.36712365667543,0.12681426776471663,78.49393792444015,0.046716948828253044
Kieran Trippier,78.36712365667543,0.03570691941282688,78.40283057608826,0.013377861602919523
Freddie Woodman,78.36712365667543,0.11352043832196403,78.4806440949974,0.041852312249888494
Jamal Lewis,78.36712365667543,0.06452030378924879,78.43164396046468,0.023921598769677605
Paul Dummett,78.36712365667543,0.014691963577882413,78.38181562025332,0.005687818392445517
Jeff Hendrick,78.36712365667543,0.008698168123921117,78.37582182479936,0.003494497293047396
Dwight Gayle,78.36712365667543,0.003742066163581945,78.37086572283901,0.0016809013697477266
Elliot Anderson,78.36712365667543,NA,NA,NA
Lucas De Bolle,78.36712365667543,NA,NA,NA
Mark Gillespie,78.36712365667543,NA,NA,NA
Joe White,78.36712365667543,NA,NA,NA
Marc Guéhi,81.11638988934509,0.07674568770646725,81.19313557705155,1.0344395376941244
Tyrick Mitchell,75.36281246259868,0.13545039161975492,75.49826285421844,-1.0494961917313805
Conor Gallagher,81.31151535370655,0.07320176303771712,81.38471711674427,1.1045453390166504
Joachim Andersen,79.99184423695638,0.12052741173256871,80.11237164868895,0.6389535145633681
Wilfried Zaha,80.45472513769889,0.1058952618698622,80.56062039956875,0.802982042169171
Vicente Guaita,82.42996019123747,0.1261798065794317,82.5561399978169,1.5332063670930378
Joel Ward,77.40479403274783,0.01764126997381413,77.42243530272164,-0.3453800665483165
Jordan Ayew,77.44261585940187,0.14844561784771884,77.59106147724958,-0.2836743661546642
Cheikhou Kouyaté,75.25787692180428,0.20287404321370697,75.460750965018,-1.0632229894997718
Jeffrey Schlupp,76.92943156372081,0.0820350291118539,77.01146659283266,-0.49576663704703017
Odsonne Édouard,77.53341372900324,0.011578481840991445,77.54499221084423,-0.30053258142356976
James McArthur,77.39992383756297,0.06382859128201691,77.46375242884498,-0.33026081111344074
Nathaniel Clyne,73.79070937581939,0.06724360242809305,73.85795297824748,-1.6497379397444674
Jean-Philippe Mateta,75.95943118436935,0.04884372230128574,76.00827490667064,-0.8628665003808729
Will Hughes,76.30360812516602,-0.023339729170421045,76.2802683959956,-0.7633353996588471
Michael Olise,78.56966416517805,-0.0014482365280799963,78.56821592864998,0.07389764178082137
Christian Benteke,74.58919968972228,0.012889166195612683,74.60208885591788,-1.377434866699967
Luka Milivojević,78.36712365667543,-0.052908483806699436,78.31421517286873,-0.01904934334693351
Jack Butland,78.36712365667543,-0.014607972221843119,78.35251568445359,-0.005033963472514143
Eberechi Eze,78.36712365667543,-0.03646761391431213,78.33065604276112,-0.013033104203568189
James Tomkins,78.36712365667543,0.011796194393556622,78.37891985106899,0.004628164004875293
Jaïro Riedewald,78.36712365667543,0.016624073488482414,78.38374773016392,0.006394839088400461
Jesuran Rak Sakyi,78.36712365667543,0.007523884542701039,78.37464754121814,0.0030647894434630758
Nathan Ferguson,78.36712365667543,0.004949187032349983,78.37207284370778,0.0021226254311265094
Omotayo Adaramola,78.36712365667543,NA,NA,NA
Scott Banks,78.36712365667543,NA,NA,NA
Reece Hannam,78.36712365667543,NA,NA,NA
Martin Kelly,78.36712365667543,NA,NA,NA
Remi Matthews,78.36712365667543,NA,NA,NA
Robert Street,78.36712365667543,NA,NA,NA
Pontus Jansson,78.11297304153274,0.4143610969397534,78.5273341384725,0.05893768966597528
Christian Nørgaard,80.8232385717548,0.31182114923072085,81.13505972098552,1.013187727976285
Bryan Mbeumo,79.19716930258105,0.2772485280689443,79.47441783064998,0.4055058468385949
Rico Henry,75.90382567857449,0.30449181900460914,76.2083174975791,-0.7896645303123278
Ivan Toney,78.95403897238124,0.2982244268280396,79.25226339920928,0.3242124484324634
Ethan Pinnock,76.22545806434273,0.4062323577834213,76.63169042212616,-0.6347388616845572
Vitaly Janelt,76.35473659016957,0.22300640463659727,76.57774299480616,-0.6544799475304229
Sergi Canós,74.87799445479664,0.23211204747855838,75.11010650227519,-1.1915349922079592
David Raya,82.1963806546912,0.2785938031096907,82.47497445780088,1.503505304914892
Kristoffer Ajer,75.50024926427406,0.2509042044726958,75.75115346874675,-0.9569554427276444
Mathias Jensen,75.72279679779717,0.2680038712688697,75.99080066906605,-0.8692608817588217
Yoane Wissa,73.8445943441827,0.11826779677137621,73.96286214095407,-1.6113483280448375
Mads Roerslev,72.14783404423453,0.32239738835997667,72.4702314325945,-2.157549554196343
Frank Onyeka,73.5592068583511,0.22506114443538433,73.78426800278649,-1.676701624546296
Christian Eriksen,81.36573647404221,0.031119083395994732,81.3968555574382,1.1089871819677974
Shandon Baptiste,70.38732102829843,0.15626988597384012,70.54359091427227,-2.8625688249155616
Mads Bech Sørensen,78.36712365667543,0.11869675502757489,78.485820411703,0.04374649177849743
Mathias Jørgensen,78.36712365667543,0.06222207024350833,78.42934572691894,0.023080601747683057
Saman Ghoddos,78.36712365667543,0.11206247793558335,78.47918613461101,0.04131879800134314
Charlie Goode,78.36712365667543,0.00563038959061126,78.37275404626604,0.002371899193546427
Josh Dasilva,78.36712365667543,0.03191922431288699,78.39904288098832,0.0119918230494507
Jonas Lössl,78.36712365667543,0.030871010067689372,78.39799466674312,0.011608247994487496
Dominic Thompson,78.36712365667543,0.060154634272578784,78.42727829094801,0.022324060926174585
Marcus Forss,78.36712365667543,-0.005506761685449125,78.36161689498998,-0.001703539994961339
Mads Bidstrup,78.36712365667543,0.007941371681455058,78.37506502835689,0.0032175613151721036
Tariqe Fosu,78.36712365667543,0.0012428574503103183,78.36836651412574,7.663611181276314e-4
Finley Stevens,78.36712365667543,-5.263654601851166e-4,78.36659729121524,1.1894597542924887e-4
Nathan Young-Coombes,78.36712365667543,-1.6565074201833514e-4,78.36695800593341,2.509430060756992e-4
Matthew Cox,78.36712365667543,NA,NA,NA
Halil Dervişoğlu,78.36712365667543,NA,NA,NA
Patrik Gunnarsson,78.36712365667543,NA,NA,NA
Maxwell Haygarth,78.36712365667543,NA,NA,NA
Julian Jeanvier,78.36712365667543,NA,NA,NA
Edmond-Paris Maghoma,78.36712365667543,NA,NA,NA
Myles Peart-Harris,78.36712365667543,NA,NA,NA
Matty Cash,77.96975656447091,0.13576584074457837,78.1055224052155,-0.09541668923011062
Emiliano Martínez,81.7805007027879,0.07304057280852422,81.85354127559643,1.2761030652381116
Tyrone Mings,77.27617824905253,0.1398276128388611,77.41600586189139,-0.34773280419821273
John McGinn,79.58754961826018,0.10912318694001721,79.6966728052002,0.4868360371781822
Ollie Watkins,79.33734515852831,0.1968691284656408,79.53421428699394,0.42738727912567487
Douglas Luiz,78.86559749610778,0.13904231222859,79.00463980833638,0.2335990715259515
Ezri Konsa,76.90385882408317,0.16614286393758879,77.07000168802077,-0.47434677707391193
Jacob Ramsey,76.93258212097103,0.07099015728378193,77.00357227825482,-0.49865541876503494
Emi Buendía,80.71528231311625,-0.008393642481295576,80.70688867063495,0.8565062719441464
Danny Ings,76.9502837383943,0.027710614685971875,76.97799435308028,-0.5080151981227182
Philippe Coutinho,80.66145340029138,0.006734196848634872,80.66818759714002,0.8423443136795036
Lucas Digne,76.39437639018662,0.15769560952628867,76.55207199971291,-0.6638737841424759
Ashley Young,72.19038261337282,0.08371107282111306,72.27409368619394,-2.229322617003232
Marvelous Nakamba,72.73689668534077,0.12571312327172393,72.86260980861249,-2.013965780329128
Leon Bailey,78.36712365667543,0.03034684091311387,78.39747049758854,0.0114164377675269
Axel Tuanzebe,78.36712365667543,0.0033375647432685417,78.3704612214187,0.0015328813869606732
Kortney Hause,78.36712365667543,0.04101980993896861,78.4081434666144,0.015322017852375603
Anwar El Ghazi,78.36712365667543,-0.02855233891753038,78.3385713177579,-0.01013665239914504
Morgan Sanson,78.36712365667543,0.028770164036251832,78.39589382071168,0.01083948136527304
Carney Chukwuemeka,78.36712365667543,0.0013436748025490587,78.36846733147799,8.032534057555977e-4
Bertrand Traoré,78.36712365667543,-1.6656909979394149e-4,78.36695708757564,2.506069496503823e-4
Tim Iroegbunam,78.36712365667543,-0.014479999030140306,78.35264365764529,-0.004987133996323565
Robin Olsen,78.36712365667543,0.04184225925580666,78.40896591593123,0.015622978312845363
Jed Steer,78.36712365667543,0.01958065008220855,78.38670430675764,0.0074767448482479975
Cameron Archer,78.36712365667543,-5.726480915585108e-4,78.36655100858387,1.020096831070998e-4
Keinan Davis,78.36712365667543,-0.0010668573846431893,78.36605679929079,-7.883727411024103e-5
Trézéguet,78.36712365667543,-0.0010001672341229983,78.3661234894413,-5.4433219054039006e-5
Jaden Philogene Bidace,78.36712365667543,-3.950781677339752e-4,78.3667285785077,1.6698818688782273e-4
Wesley Moraes,78.36712365667543,-3.3281460354993455e-4,78.36679084207188,1.8977241268883655e-4
Lamare Bogarde,78.36712365667543,NA,NA,NA
Benjamin Chrisene,78.36712365667543,NA,NA,NA
Josh Feeney,78.36712365667543,NA,NA,NA
Frederic Guilbert,78.36712365667543,NA,NA,NA
Conor Hourihane,78.36712365667543,NA,NA,NA
Kaine Kessler,78.36712365667543,NA,NA,NA
Filip Marshall,78.36712365667543,NA,NA,NA
Tommi O'Reilly,78.36712365667543,NA,NA,NA
Aaron Ramsey,78.36712365667543,NA,NA,NA
Viljami Sinisalo,78.36712365667543,NA,NA,NA
James Ward-Prowse,80.49759860938379,0.35141678809071863,80.8490153974745,0.908514978474095
Oriol Romeu,79.11250102142317,0.2735089337635548,79.38600995518672,0.37315458291977016
Mohammed Salisu,77.46479446067177,0.27422298964281444,77.73901745031458,-0.22953255234101466
Jan Bednarek,78.60974097411878,0.27302409593300436,78.88276507005179,0.18900121412216267
Kyle Walker-Peters,77.88739652009612,0.2722029089278283,78.15959942902394,-0.07562817989195077
Valentino Livramento,75.95612294831302,0.1430349111492418,76.09915785946227,-0.8296095266545224
Mohamed Elyounoussi,77.4799348039005,0.15322736717658653,77.63316217107709,-0.2682683782826299
Che Adams,77.74368006977,0.1685776024384454,77.91225767220844,-0.16613842471973547
Armando Broja,74.4120643411808,0.20870740084227346,74.62077174202307,-1.3705982022513878
Nathan Redmond,76.09903627517859,0.251209185415639,76.35024546059422,-0.7377285578109701
Fraser Forster,77.92548180308677,0.16939450099542944,78.09487630408219,-0.09931243749535583
Romain Perraud,73.16746111291492,0.24233002022974484,73.40979113314467,-1.813734665752138
Alex McCarthy,76.18266753127926,0.17530807485770428,76.357975606136975,-0.7348998507837504
Adam Armstrong,75.44868999440786,0.1924388638485284,75.64112885825638,-0.9972169600742414
Stuart Armstrong,75.37416760312887,0.16831039029472247,75.54247799342359,-1.0333164607952172
Ibrahima Diallo,72.74518797785794,0.11084531323729818,72.85603329109523,-2.016372338034002
Nathan Tella,78.36712365667543,0.08399665531363056,78.45112031198906,0.031048617545314842
Lyanco,73.97208966036042,0.122476160396902,74.09456582075732,-1.5631537471653771
Jack Stephens,78.36712365667543,0.10571468444991068,78.47283834112534,0.038995937721293096
Moussa Djenepo,78.36712365667543,0.018958289641988126,78.38608194631742,0.007249003295262754
Theo Walcott,78.36712365667543,0.03079980068858641,78.39792345736402,0.011582190209423478
Yan Valery,78.36712365667543,0.058340908067458286,78.4254645647429,0.021660360607275747
Shane Long,78.36712365667543,0.03482281376987054,78.4019464704453,0.013054339124431217
Willy Caballero,78.36712365667543,0.012397015650004744,78.37952067232544,0.00484802368291608
William Smallbone,78.36712365667543,0.0060467910969771365,78.37317044777241,0.0025242737977115917
Kgagelo Chauke,78.36712365667543,NA,NA,NA
Tyler Dibling,78.36712365667543,NA,NA,NA
Harry Lewis,78.36712365667543,NA,NA,NA
Dynel Simeu,78.36712365667543,NA,NA,NA
Thierry Small,78.36712365667543,NA,NA,NA
Jordan Pickford,80.2636300082921,0.65539483791004,80.91902484620213,0.9341336707085922
Michael Keane,76.42446691060657,0.5139460810611565,76.93841299166772,-0.5224992818382713
Séamus Coleman,76.42911673670042,0.5379544849713538,76.96707122167177,-0.5120123206094288
Abdoulaye Doucouré,77.30706009407824,0.5372950185715225,77.84435511264977,-0.1909861389480826
Richarlison,77.87391538525333,0.5409906656647617,78.41490605091809,0.017796663334301917
Demarai Gray,77.33977884292482,0.402615572146219,77.74239441507103,-0.22829681313216943
Anthony Gordon,74.89922627657394,0.5296863481218801,75.42891262469583,-1.0748736546141917
Allan,75.63613044230222,0.45046976024292795,76.08660020254514,-0.8342047742045754
Mason Holgate,74.65253059167482,0.4660085163912104,75.11853910806603,-1.1884492325509888
Ben Godfrey,74.55641216099693,0.35301043675960375,74.90942259775653,-1.264971639399433
Alex Iwobi,75.26924298065617,0.47786738734001566,75.74711036799619,-0.9584349423621117
Andros Townsend,74.89469571558945,0.22248590071392615,75.11718161630337,-1.1889459821228041
Dominic Calvert-Lewin,74.1835422785278,0.16434281932284125,74.34788509785064,-1.470456136844708
Vitaliy Mykolenko,74.05832649636855,0.24593610380049052,74.30426260016904,-1.4864190013282246
Jonjoe Kenny,72.58387309107924,0.2712445789238092,72.85511767000305,-2.0167073930214388
Yerry Mina,78.36712365667543,0.13169097503388,78.49881463170931,0.04850149169949381
Salomón Rondón,78.36712365667543,0.09975326041486617,78.4668769170903,0.036814462357487886
Fabian Delph,78.36712365667543,0.17676849702381706,78.54389215369925,0.0649967960268684
André Gomes,78.36712365667543,0.09982436284197099,78.4669480195174,0.036840481005400445
Jarrad Branthwaite,78.36712365667543,0.07144712747916179,78.43857078415459,0.026456344686115133
Asmir Begović,78.36712365667543,0.021018618364200926,78.38814227503963,0.008002943347576405
Tom Davies,78.36712365667543,0.012745075142728686,78.37986873181816,0.004975389762572621
Jean-Philippe Gbamin,78.36712365667543,0.009155965339665645,78.37627962201509,0.0036620199087623435
Ellis Simms,78.36712365667543,0.043353369602082165,78.41047702627752,0.016175941828448347
Lewis Dobbin,78.36712365667543,0.0037696496125673856,78.370893306288,0.0016909950342901012
Tyler Onyango,78.36712365667543,0.0030306896471692804,78.37015434632261,0.0014205859927824535
Isaac Price,78.36712365667543,0.0012660653378270496,78.36838972201326,7.748536250487189e-4
Cenk Tosun,78.36712365667543,0.0013845159140297883,78.36850817258946,8.18198472232959e-4
Moise Kean,78.36712365667543,-1.518167732704539e-5,78.3671084749981,3.060044403424822e-4
Nathan Broadhead,78.36712365667543,NA,NA,NA
Andy Lonergan,78.36712365667543,NA,NA,NA
Niels Nkounkou,78.36712365667543,NA,NA,NA
Nathan Patterson,78.36712365667543,NA,NA,NA
Harry Tyrer,78.36712365667543,NA,NA,NA
Reece Welch,78.36712365667543,NA,NA,NA
Charlie Whitaker,78.36712365667543,NA,NA,NA
Illan Meslier,78.40603180655755,0.3569035271227106,78.76293533368026,0.1451516882019352
Stuart Dallas,78.34433804190043,0.26777566472705056,78.61211370662748,0.08996124011251551
Raphael Dias Belloli,81.07421674603255,0.29346291253335066,81.3676796585659,1.098310789174275
Jack Harrison,76.32703357419545,0.2731468300626651,76.60018040425813,-0.6462693831318137
Diego Llorente,76.7129416232168,0.19788964155171124,76.91083126476852,-0.532592316215325
Rodrigo,78.65655295042102,0.18637358724255304,78.84292653766357,0.1744230233368244
Luke Ayling,77.63096031889656,0.21866743578954428,77.8496277546861,-0.18905671090591988
Mateusz Klich,76.45861784169378,0.22018420092398303,76.67880204261776,-0.617499215779925
Pascal Struijk,76.90930613241805,0.23606589450533164,77.14537202692338,-0.4467663639861315
Liam Cooper,75.28940640272471,0.12414204470782494,75.41354844743253,-1.0804958975527972
Junior Firpo,78.38779025272878,0.2759263479787097,78.66371660070749,0.10884438640021434
Kalvin Phillips,77.46194466325396,0.1988406396180721,77.66078530287203,-0.25816019253243694
Robin Koch,74.00473198321609,0.18317535206941923,74.1879073352855,-1.5289971072137842
Adam Forshaw,75.36932511937216,0.19078402732893773,75.5601091467011,-1.026864658963254
Tyler Roberts,73.27525005404476,0.10391922697742528,73.37916928102219,-1.8249401789997586
Jamie Shackleton,78.36712365667543,0.0520129585997514,78.41913661527518,0.01934476188688585
Patrick Bamford,78.36712365667543,0.008714934991807234,78.37583859166723,0.0035006328252587724
Joe Gelhardt,78.36712365667543,0.08925632812478335,78.45637998480022,0.03297329973396598
Sam Greenwood,78.36712365667543,-0.0017823857812576077,78.36534127089418,-3.406719565849676e-4
Lewis Bate,78.36712365667543,0.038022479012236945,78.40514613568767,0.01422519878105818
Charlie Cresswell,78.36712365667543,0.0025346896529054494,78.36965834632834,0.001239083760833959
Cody Drameh,78.36712365667543,0.014745615940619941,78.38186927261606,0.005707451504741147
Leo Fuhr Hjelde,78.36712365667543,5.095242516581932e-4,78.36763318092709,4.980110901946835e-4
Crysencio Summerville,78.36712365667543,0.0030654435554320508,78.37018910023086,0.0014333035572776794
Kristoffer Klaesson,78.36712365667543,-0.00803784069758391,78.35908581597785,-0.0026297426063432807
Hélder Costa,78.36712365667543,0.003444769793164444,78.3705684264686,0.0015721111370772473
Liam McCarron,78.36712365667543,5.10561958615739e-4,78.36763421863405,4.983908203006443e-4
Stuart McKinstry,78.36712365667543,6.897635250689066e-4,78.3678134202005,5.639663942031276e-4
Nohan Kenneh,78.36712365667543,NA,NA,NA
Archie Gray,78.36712365667543,NA,NA,NA
Jack Jenkins,78.36712365667543,NA,NA,NA
Kris Moore,78.36712365667543,NA,NA,NA
Nick Pope,81.6904242533435,0.7391781688631954,82.42960242220668,1.4869022286578204
Dwight McNeil,77.02679968683708,0.6897675493919093,77.71656723622898,-0.23774780236383655
James Tarkowski,75.766345508289,0.6695935313210674,76.43593903961008,-0.7063705416120333
Josh Brownhill,76.21668698104939,0.675999743672862,76.89268672472225,-0.5392319826550681
Charlie Taylor,76.73902718037046,0.5361186748679219,77.27514585523838,-0.39927797737379467
Ashley Westwood,75.75233289360116,0.5025150320156266,76.25484792561679,-0.7726375612802695
Ben Mee,75.79144294369995,0.4548641258955608,76.2463070695955,-0.7757629331522818
Maxwel Cornet,77.11985135941734,0.36252585364218115,77.48237721305952,-0.32344540800146276
Matthew Lowton,73.79393536705534,0.38825352795695567,74.1821888950123,-1.5310896670622467
Jack Cork,73.87999425572123,0.4405012970462486,74.32049555276748,-1.4804788457601583
Connor Roberts,73.97271098041826,0.4448476316686309,74.41755861208689,-1.444960373764802
Nathan Collins,75.643867576150015,0.29192702506652396,75.93579460121654,-0.8893893579699211
Aaron Lennon,71.67621168268903,0.36108590757735615,72.03729759026639,-2.315973867857946
Wout Weghorst,75.68618605179445,0.33165801771501685,76.01784406950947,-0.8593648382171912
Jay Rodriguez,73.72853612986647,0.3411330499925933,74.06966917985906,-1.5722642228574053
Jóhann Berg Guðmundsson,72.45273081755646,0.23908320612091638,72.69181402367737,-2.0764654104322764
Ashley Barnes,78.36712365667543,0.1998609359338303,78.56698459260926,0.07344705661499445
Erik Pieters,78.36712365667543,0.23708978681794185,78.60421344349338,0.08707028162787493
Matěj Vydra,78.36712365667543,0.07825895074022458,78.44538260741565,0.028949008274423205
Kevin Long,78.36712365667543,0.13164074221786973,78.4987643988933,0.048483109908510263
Wayne Hennessey,78.36712365667543,0.02817995648203722,78.39530361315747,0.010623505579709688
Dale Stephens,78.36712365667543,0.0033375967901191454,78.37046125346555,0.0015328931139282705
Phil Bardsley,78.36712365667543,NA,NA,NA
Dara Costelloe,78.36712365667543,NA,NA,NA
Owen Dodgson,78.36712365667543,NA,NA,NA
Anthony Gomez Mancini,78.36712365667543,NA,NA,NA
Joseph McGlynn,78.36712365667543,NA,NA,NA
Will Norris,78.36712365667543,NA,NA,NA
Lewis Richardson,78.36712365667543,NA,NA,NA
Bobby Thomas,78.36712365667543,NA,NA,NA
Sam Waller,78.36712365667543,NA,NA,NA
Emmanuel Dennis,79.06851529474498,0.4674057016026681,79.53592099634766,0.4280118185622957
Craig Cathcart,75.20813076327708,0.45581187579361077,75.6639426390707,-0.9888686693790656
Joshua King,76.58834360396787,0.444853070565239,77.03319667453312,-0.4878149064530611
Ben Foster,78.02349489488218,0.35741150097090435,78.38090639585307,0.0053551041587908835
Kiko Femenía,75.93471822243032,0.3472725265425575,76.28199074897287,-0.7627051357209684
Juraj Kucka,75.7840625090452,0.3159362573463165,76.09999876639152,-0.8293018119644344
Ismaila Sarr,75.59723154639141,0.33165264811952344,75.92888419451094,-0.8919180963877129
Tom Cleverley,73.63334094117657,0.3306414759782149,73.96398241715478,-1.610938383219886
Samir Santos,75.61042837667219,0.28382589188553714,75.89425426855773,-0.9045902918016528
Hassane Kamara,73.67262521757404,0.29508810547305386,73.967713323047093,-1.6095731256503993
Imran Louza,74.9441067747433,0.31828202787501403,75.26238880261832,-1.1358100371318285
João Pedro,76.27179501238966,0.2672945917630198,76.53908960415268,-0.6686244571211755
William Troost-Ekong,74.10927480799171,0.2707273060395107,74.38000211403121,-1.4587034953373932
Adam Masina,73.29166324659742,0.2100815774889234,73.50174482408634,-1.7800858747549997
Christian Kabasele,74.45992813668862,0.19216708413494543,74.65209522082357,-1.3591359414039155
Daniel Bachmann,78.46265510715904,0.2586756173625006,78.72133072452154,0.12992723354695607
Cucho,72.11469686447406,0.1919146947238845,72.30661155919795,-2.2174232891874794
Jeremy Ngakia,69.64005429569914,0.17703571088767822,69.81709000658682,-3.128418699473001
Edo Kayembe,78.36712365667543,0.12345812961673161,78.49058178629217,0.04548883074030726
Ken Sema,78.36712365667543,0.14162126565875655,78.50874492233419,0.05213530204854591
Danny Rose,78.36712365667543,0.11850457050860624,78.48562822718404,0.04367616532780975
Francisco Sierralta,78.36712365667543,0.11094031069011877,78.47806396736556,0.04090816118275029
Oghenekaro Etebo,78.36712365667543,0.07479098368855722,78.44191464036399,0.027679968420652006
Ozan Tufan,78.36712365667543,0.02605914614388942,78.39318280281933,0.009847433373342864
Samuel Kalu,78.36712365667543,0.02359236632700276,78.39071602300244,0.008944759890154846
Nicolas Nkoulou,78.36712365667543,0.024938273818023958,78.39206193049345,0.009437270407164468
Dan Gosling,78.36712365667543,0.016391114567242602,78.38351477124267,0.006309591982258019
Ashley Fletcher,78.36712365667543,0.0018325422725854901,78.36895619894801,9.821456193875445e-4
Troy Deeney,78.36712365667543,0.0027524745202641924,78.3698761311957,0.001318778196251166
Vincent Angelini,78.36712365667543,NA,NA,NA
Kwadwo Baah,78.36712365667543,NA,NA,NA
Adrian Blake,78.36712365667543,NA,NA,NA
Kamil Conteh,78.36712365667543,NA,NA,NA
Tiago Çukur,78.36712365667543,NA,NA,NA
Rob Elliot,78.36712365667543,NA,NA,NA
Shaqai Forde,78.36712365667543,NA,NA,NA
Jack Grieves,78.36712365667543,NA,NA,NA
James Morris,78.36712365667543,NA,NA,NA
Teemu Pukki,77.24765916635711,0.48388212994735236,77.73154129630446,-0.23226831575815168
Grant Hanley,79.1228357775865,0.43934766859930574,79.56218344618581,0.4376220873468022
Max Aarons,76.98047130402422,0.44817141419647744,77.4286427182207,-0.3431085750549209
Kenny McLean,73.80403989615067,0.359364551145464,74.16340444729613,-1.537963496146487
Tim Krul,80.16679803785597,0.31259710446270395,80.47939514231868,0.773259127548704
Ben Gibson,77.04290318030809,0.3338763793003187,77.37677955960841,-0.36208696044353234
Pierre Lees-Melou,75.75590835504214,0.3532802758396107,76.10918863088175,-0.8259389471750296
Milot Rashica,73.9443797032118,0.3906824228495435,74.33506212606133,-1.4751484715762653
Billy Gilmour,77.52131933495073,0.3081654421487924,77.82948477709952,-0.19642766943873757
Mathias Normann,75.85436428545455,0.2496972130920691,76.10406149854661,-0.8278151285723482
Josh Sargent,72.50732969336592,0.22408819319413067,72.73141788656005,-2.0619730927104785
Dimitris Giannoulis,75.62243123510353,0.18101603568124447,75.80344727078477,-0.9378194711619227
Sam Byram,74.37945827553794,0.12855404118726635,74.50801231672521,-1.4118604756408413
Ozan Kabak,76.25021013353296,0.13899094276932691,76.38920107630229,-0.7234734544246711
Kieran Dowell,72.9444744382127,0.12799167370669842,73.0724661119194,-1.9371726596061676
Angus Gunn,78.36712365667543,0.18711189441874246,78.55423555109418,0.06878177533088797
Lukas Rupp,78.36712365667543,0.09315819315106383,78.4602818498265,0.03440111670818159
Adam Idah,78.36712365667543,0.047030435100412854,78.41415409177584,0.017521497479002168
Jakob Sørensen,78.36712365667543,0.06540131769166542,78.4325249743671,0.024243989881598652
Przemysław Płacheta,78.36712365667543,0.08694985342038805,78.45407351009582,0.03212928700893376
Todd Cantwell,78.36712365667543,0.08600015748797113,78.4531238141634,0.031781762949664775
Andrew Omobamidele,78.36712365667543,0.061536492048994966,78.42866014872443,0.022829726800273172
Christos Tzolis,78.36712365667543,-0.0109061671322551,78.35621748954317,-0.0036793548157467645
Christoph Zimmermann,78.36712365667543,0.033459100982363196,78.4005827576578,0.012555313081032629
Tony Springett,78.36712365667543,0.03187886948514496,78.39900252616057,0.011977055929711962
Jon Rowe,78.36712365667543,0.014829893704154955,78.38195355037959,0.005738291428857574
Bali Mumba,78.36712365667543,0.01280572340224519,78.37992938007768,0.00499758289683442
Thomas Dickson-Peters,78.36712365667543,NA,NA,NA
Liam Gibbs,78.36712365667543,NA,NA,NA
Abu Kamara,78.36712365667543,NA,NA,NA
Jon McCracken,78.36712365667543,NA,NA,NA
Michael McGovern,78.36712365667543,NA,NA,NA
Jonathan Tomkinson,78.36712365667543,NA,NA,NA
