Player,Season_End_Year,Squad,Comp,Min,Pred,Pred_scaled
Ederson,2022,Manchester City,Premier League,3330,88.14835514405635,3.6849175651372827
João Cancelo,2022,Manchester City,Premier League,3227,88.3915539325114,3.7761524834411198
Rodri,2022,Manchester City,Premier League,2884,87.50666458599585,3.4441902736367545
Bernardo Silva,2022,Manchester City,Premier League,2857,86.60290821223155,3.1051501844539167
Aymeric Laporte,2022,Manchester City,Premier League,2828,86.94222412478388,3.232443004280711
Rúben Dias,2022,Manchester City,Premier League,2402,87.2370028902783,3.343027916148235
Kevin De Bruyne,2022,Manchester City,Premier League,2201,86.60225618469316,3.1049055792913043
Phil Foden,2022,Manchester City,Premier League,2128,87.30791480669286,3.369630198758071
Raheem Sterling,2022,Manchester City,Premier League,2128,86.64788924618752,3.122024614562161
Jack Grealish,2022,Manchester City,Premier League,1914,85.9960511771219,2.87749053050555
Gabriel Jesus,2022,Manchester City,Premier League,1877,86.3261597015558,3.0013292405972063
İlkay Gündoğan,2022,Manchester City,Premier League,1857,87.76582784764388,3.541414191379191
Kyle Walker,2022,Manchester City,Premier League,1755,82.89184237178355,1.7129607293817923
Riyad Mahrez,2022,Manchester City,Premier League,1498,83.56571764131496,1.965761968866742
John Stones,2022,Manchester City,Premier League,1119,80.48767725729758,0.811049131867374
Oleksandr Zinchenko,2022,Manchester City,Premier League,1047,84.35965586658338,2.263604279598674
Fernandinho,2022,Manchester City,Premier League,964,81.80161436825611,1.3039666572227246
Nathan Aké,2022,Manchester City,Premier League,923,81.05322472090688,1.023211688133046
Ferrán Torres,NA,NA,NA,NA,78.32571810925778,7.996706175257935e-14
Cole Palmer,NA,NA,NA,NA,78.32571810925778,7.996706175257935e-14
Zack Steffen,NA,NA,NA,NA,78.32571810925778,7.996706175257935e-14
Benjamin Mendy,NA,NA,NA,NA,78.32571810925778,7.996706175257935e-14
James Mcatee,NA,NA,NA,NA,78.32571810925778,7.996706175257935e-14
Liam Delap,NA,NA,NA,NA,78.32571810925778,7.996706175257935e-14
Kayky Chagas,NA,NA,NA,NA,78.32571810925778,7.996706175257935e-14
CJ Egan-Riley,NA,NA,NA,NA,78.32571810925778,7.996706175257935e-14
Scott Carson,NA,NA,NA,NA,78.32571810925778,7.996706175257935e-14
Thomas Doyle,NA,NA,NA,NA,78.32571810925778,7.996706175257935e-14
Samuel Edozie,NA,NA,NA,NA,78.32571810925778,7.996706175257935e-14
Roméo Lavia,NA,NA,NA,NA,78.32571810925778,7.996706175257935e-14
Luke Mbete-Tatu,NA,NA,NA,NA,78.32571810925778,7.996706175257935e-14
Cieran Slicker,NA,NA,NA,NA,78.32571810925778,7.996706175257935e-14
Josh Wilson-Esbrand,NA,NA,NA,NA,78.32571810925778,7.996706175257935e-14
Alisson,2022,Liverpool,Premier League,3240,87.2727429583247,3.35643563996586
Virgil van Dijk,2022,Liverpool,Premier League,3060,82.84423101268695,1.695099544771835
Trent Alexander-Arnold,2022,Liverpool,Premier League,2853,85.43065663927527,2.6653853436435377
Sadio Mané,2022,Liverpool,Premier League,2819,87.65663856693084,3.5004523298140366
Joël Matip,2022,Liverpool,Premier League,2790,83.03468884744228,1.7665489344033156
Mohamed Salah,2022,Liverpool,Premier League,2762,90.13389431734153,4.429783546643702
Jordan Henderson,2022,Liverpool,Premier League,2597,82.31353054425571,1.4960096801030345
Andrew Robertson,2022,Liverpool,Premier League,2537,84.39335631349779,2.2762468488341994
Diogo Jota,2022,Liverpool,Premier League,2364,85.1923430199938,2.5759830743149816
Fabinho,2022,Liverpool,Premier League,2314,81.11434495741202,1.0461406666023927
Thiago Alcántara,2022,Liverpool,Premier League,1534,84.88515742091548,2.4607437953117217
Naby Keïta,2022,Liverpool,Premier League,1173,80.21147756018797,0.7074340729214823
Ibrahima Konaté,2022,Liverpool,Premier League,990,77.32976317045411,-0.3736279611147456
Luis Díaz,2022,Liverpool,Premier League,958,85.32550294133473,2.6259374125831223
Roberto Firmino,2022,Liverpool,Premier League,990,85.44965402453587,2.6725121262366924
Curtis Jones,NA,NA,NA,NA,78.32571810925778,7.996706175257935e-14
Kostas Tsimikas,NA,NA,NA,NA,78.32571810925778,7.996706175257935e-14
James Milner,NA,NA,NA,NA,78.32571810925778,7.996706175257935e-14
Alex Oxlade-Chamberlain,NA,NA,NA,NA,78.32571810925778,7.996706175257935e-14
Harvey Elliott,NA,NA,NA,NA,78.32571810925778,7.996706175257935e-14
Joe Gomez,NA,NA,NA,NA,78.32571810925778,7.996706175257935e-14
Caoimhín Kelleher,NA,NA,NA,NA,78.32571810925778,7.996706175257935e-14
Takumi Minamino,NA,NA,NA,NA,78.32571810925778,7.996706175257935e-14
Tyler Morton,NA,NA,NA,NA,78.32571810925778,7.996706175257935e-14
Divock Origi,NA,NA,NA,NA,78.32571810925778,7.996706175257935e-14
Kaide Gordon,NA,NA,NA,NA,78.32571810925778,7.996706175257935e-14
Neco Williams,NA,NA,NA,NA,78.32571810925778,7.996706175257935e-14
Adrián,NA,NA,NA,NA,78.32571810925778,7.996706175257935e-14
Owen Beck,NA,NA,NA,NA,78.32571810925778,7.996706175257935e-14
Conor Bradley,NA,NA,NA,NA,78.32571810925778,7.996706175257935e-14
Nathaniel Phillips,NA,NA,NA,NA,78.32571810925778,7.996706175257935e-14
Marcelo Pitaluga,NA,NA,NA,NA,78.32571810925778,7.996706175257935e-14
Jarrell Quansah,NA,NA,NA,NA,78.32571810925778,7.996706175257935e-14
Rhys Williams,NA,NA,NA,NA,78.32571810925778,7.996706175257935e-14
Ben Woodburn,NA,NA,NA,NA,78.32571810925778,7.996706175257935e-14
Edouard Mendy,2022,Chelsea,Premier League,3060,83.67536682849853,2.0068963622505467
Antonio Rüdiger,2022,Chelsea,Premier League,3035,83.46656822197302,1.928566515587554
Thiago Silva,2022,Chelsea,Premier League,2650,81.64225009725453,1.2441818764771289
Mason Mount,2022,Chelsea,Premier League,2363,84.44487407941735,2.2955735041795062
Jorginho,2022,Chelsea,Premier League,2273,82.74600915558582,1.6582520622444767
Marcos Alonso,2022,Chelsea,Premier League,2167,80.98855217886904,0.998950078415305
César Azpilicueta,2022,Chelsea,Premier League,2070,81.56533045900429,1.215325824371347
Reece James,2022,Chelsea,Premier League,1864,87.35088217404405,3.3857492110069356
Kai Havertz,2022,Chelsea,Premier League,1809,83.62307670649918,1.9872799610381284
N'Golo Kanté,2022,Chelsea,Premier League,1773,83.1649971981372,1.8154335189256439
Andreas Christensen,2022,Chelsea,Premier League,1496,79.46901716663983,0.42890343640180195
Trevoh Chalobah,2022,Chelsea,Premier League,1449,82.97615375172776,1.7445897597324744
Romelu Lukaku,2022,Chelsea,Premier League,1589,78.33122658939861,0.002066481247045861
Mateo Kovačić,2022,Chelsea,Premier League,1558,82.71696057232587,1.6473546184808798
Timo Werner,2022,Chelsea,Premier League,1283,79.1190581037132,0.2976178871660171
Hakim Ziyech,2022,Chelsea,Premier League,1319,81.26837410743956,1.1039240010032116
Ruben Loftus-Cheek,2022,Chelsea,Premier League,1394,81.11952504014717,1.048083951057677
Christian Pulisic,2022,Chelsea,Premier League,1290,77.67012951099592,-0.24594107800986761
Callum Hudson-Odoi,2022,Chelsea,Premier League,962,78.61687699407696,0.10922693011212872
Malang Sarr,NA,NA,NA,NA,78.32571810925778,7.996706175257935e-14
Ben Chilwell,NA,NA,NA,NA,78.32571810925778,7.996706175257935e-14
Saúl Ñíguez,NA,NA,NA,NA,78.32571810925778,7.996706175257935e-14
Kepa Arrizabalaga,NA,NA,NA,NA,78.32571810925778,7.996706175257935e-14
Ross Barkley,NA,NA,NA,NA,78.32571810925778,7.996706175257935e-14
Kenedy,NA,NA,NA,NA,78.32571810925778,7.996706175257935e-14
Emerson Palmieri,NA,NA,NA,NA,78.32571810925778,7.996706175257935e-14
Tammy Abraham,NA,NA,NA,NA,78.32571810925778,7.996706175257935e-14
Marcus Bettinelli,NA,NA,NA,NA,78.32571810925778,7.996706175257935e-14
Lewis Hall,NA,NA,NA,NA,78.32571810925778,7.996706175257935e-14
Harvey Vale,NA,NA,NA,NA,78.32571810925778,7.996706175257935e-14
Kurt Zouma,2022,West Ham,Premier League,2078,77.47294066861909,-0.3199155745070152
Hugo Lloris,2022,Tottenham,Premier League,3420,84.19555042278199,2.2020408694618583
Harry Kane,2022,Tottenham,Premier League,3232,86.78121889481032,3.1720426252473968
Pierre Højbjerg,2022,Tottenham,Premier League,3196,83.23072326308791,1.8400903529678867
Eric Dier,2022,Tottenham,Premier League,3071,81.90873414591971,1.344152154140486
Son Heung-min,2022,Tottenham,Premier League,3006,86.69344731695496,3.139115517403218
Ben Davies,2022,Tottenham,Premier League,2538,78.7615497236947,0.16350024599218374
Emerson,2022,Tottenham,Premier League,2286,78.77324774060932,0.1678887037813955
Sergio Reguilón,2022,Tottenham,Premier League,1916,79.78023293517417,0.5456546151287656
Cristian Romero,2022,Tottenham,Premier League,1844,79.87215949532496,0.5801404456651329
Lucas Moura,2022,Tottenham,Premier League,1775,78.48113392329671,0.058303535091855964
Davinson Sánchez,2022,Tottenham,Premier League,1631,80.17862539290503,0.6951097319278305
Rodrigo Bentancur,2022,Tottenham,Premier League,1361,83.92052703521229,2.098867097684602
Oliver Skipp,2022,Tottenham,Premier League,1350,78.01401516713885,-0.11693393967923887
Dejan Kulusevski,2022,Tottenham,Premier League,1261,83.59504236559448,1.9767630056766725
Ryan Sessegnon,2022,Tottenham,Premier League,1047,78.27999772305424,-0.017151794737873614
Japhet Tanganga,NA,NA,NA,NA,78.32571810925778,7.996706175257935e-14
Harry Winks,2022,Tottenham,Premier League,912,78.74421528283011,0.15699730941848591
Matt Doherty,NA,NA,NA,NA,78.32571810925778,7.996706175257935e-14
Dele Alli,NA,NA,NA,NA,78.32571810925778,7.996706175257935e-14
Tanguy Ndombele,NA,NA,NA,NA,78.32571810925778,7.996706175257935e-14
Steven Bergwijn,NA,NA,NA,NA,78.32571810925778,7.996706175257935e-14
Giovani Lo Celso,NA,NA,NA,NA,78.32571810925778,7.996706175257935e-14
Bryan,NA,NA,NA,NA,78.32571810925778,7.996706175257935e-14
Joe Rodon,NA,NA,NA,NA,78.32571810925778,7.996706175257935e-14
Dane Scarlett,NA,NA,NA,NA,78.32571810925778,7.996706175257935e-14
Brandon Austin,NA,NA,NA,NA,78.32571810925778,7.996706175257935e-14
Jamie Bowden,NA,NA,NA,NA,78.32571810925778,7.996706175257935e-14
Matthew Craig,NA,NA,NA,NA,78.32571810925778,7.996706175257935e-14
Alfie Devine,NA,NA,NA,NA,78.32571810925778,7.996706175257935e-14
Pierluigi Gollini,NA,NA,NA,NA,78.32571810925778,7.996706175257935e-14
Marcel Lavinier,NA,NA,NA,NA,78.32571810925778,7.996706175257935e-14
Dilan Markanday,NA,NA,NA,NA,78.32571810925778,7.996706175257935e-14
Tobi Omole,NA,NA,NA,NA,78.32571810925778,7.996706175257935e-14
Moussa Sissoko,2022,Watford,Premier League,3220,77.7328483510054,-0.22241239071365568
Harvey White,NA,NA,NA,NA,78.32571810925778,7.996706175257935e-14
Bukayo Saka,2022,Arsenal,Premier League,2978,82.33208757202912,1.5029712645896371
Gabriel Dos Santos,2022,Arsenal,Premier League,3063,81.141531844329,1.0563397034584694
Aaron Ramsdale,2022,Arsenal,Premier League,3060,78.91731389999315,0.22193446759966545
Ben White,2022,Arsenal,Premier League,2880,78.75507120392957,0.1610698587963602
Martin Ødegaard,2022,Arsenal,Premier League,2785,80.83076226631164,0.9397559110726279
Granit Xhaka,2022,Arsenal,Premier League,2327,80.11228980894937,0.6702242396057712
Thomas Partey,2022,Arsenal,Premier League,2028,80.4823077959798,0.8090348028989842
Kieran Tierney,2022,Arsenal,Premier League,1915,77.56523484486809,-0.28529183446501366
Emile Smith Rowe,2022,Arsenal,Premier League,1921,78.15035528232286,-0.0657865661689951
Martinelli,2022,Arsenal,Premier League,1860,79.48793039773727,0.43599864894376633
Alexandre Lacazette,2022,Arsenal,Premier League,1782,77.47174080613014,-0.3203656974572578
Takehiro Tomiyasu,2022,Arsenal,Premier League,1679,76.3353542305528,-0.7466759477796604
Cédric Soares,2022,Arsenal,Premier League,1486,77.09780512911797,-0.4606459643114706
Nuno Tavares,2022,Arsenal,Premier League,1176,76.85226129628752,-0.5527606153367073
Albert Sambi Lokonga,2022,Arsenal,Premier League,1134,76.36250725697339,-0.7364896135346501
Pierre-Emerick Aubameyang,2022,Arsenal,Premier League,1037,77.1378403035064,-0.44562695090350435
Rob Holding,NA,NA,NA,NA,78.32571810925778,7.996706175257935e-14
Eddie Nketiah,NA,NA,NA,NA,78.32571810925778,7.996706175257935e-14
Mohamed Elneny,NA,NA,NA,NA,78.32571810925778,7.996706175257935e-14
Nicolas Pépé,NA,NA,NA,NA,78.32571810925778,7.996706175257935e-14
Bernd Leno,NA,NA,NA,NA,78.32571810925778,7.996706175257935e-14
Ainsley Maitland-Niles,NA,NA,NA,NA,78.32571810925778,7.996706175257935e-14
Pablo Marí,NA,NA,NA,NA,78.32571810925778,7.996706175257935e-14
Calum Chambers,NA,NA,NA,NA,78.32571810925778,7.996706175257935e-14
Sead Kolašinac,NA,NA,NA,NA,78.32571810925778,7.996706175257935e-14
Folarin Balogun,NA,NA,NA,NA,78.32571810925778,7.996706175257935e-14
Reiss Nelson,NA,NA,NA,NA,78.32571810925778,7.996706175257935e-14
Ryan Alebiousu,NA,NA,NA,NA,78.32571810925778,7.996706175257935e-14
Zach Awe,NA,NA,NA,NA,78.32571810925778,7.996706175257935e-14
Miguel Azeez,NA,NA,NA,NA,78.32571810925778,7.996706175257935e-14
Héctor Bellerín,NA,NA,NA,NA,78.32571810925778,7.996706175257935e-14
Mika Biereth,NA,NA,NA,NA,78.32571810925778,7.996706175257935e-14
Marcelo Flores,NA,NA,NA,NA,78.32571810925778,7.996706175257935e-14
Omari Hutchinson,NA,NA,NA,NA,78.32571810925778,7.996706175257935e-14
Karl Jakob Hein,NA,NA,NA,NA,78.32571810925778,7.996706175257935e-14
Alex Kirk,NA,NA,NA,NA,78.32571810925778,7.996706175257935e-14
Mazeed Ogungbo,NA,NA,NA,NA,78.32571810925778,7.996706175257935e-14
Arthur Okonkwo,NA,NA,NA,NA,78.32571810925778,7.996706175257935e-14
Salah Oulad M'Hand,NA,NA,NA,NA,78.32571810925778,7.996706175257935e-14
Charlie Patino,NA,NA,NA,NA,78.32571810925778,7.996706175257935e-14
Zak Swanson,NA,NA,NA,NA,78.32571810925778,7.996706175257935e-14
David de Gea,2022,Manchester Utd,Premier League,3420,82.05127950255745,1.3976273957321574
Bruno Fernandes,2022,Manchester Utd,Premier League,3111,84.07739065539069,2.1577137706583267
Harry Maguire,2022,Manchester Utd,Premier League,2515,79.16350705612932,0.31429270930693937
Scott McTominay,2022,Manchester Utd,Premier League,2387,79.06202638571598,0.2762226978015539
Cristiano Ronaldo,2022,Manchester Utd,Premier League,2456,85.1973469068661,2.577860259694466
Victor Lindelöf,2022,Manchester Utd,Premier League,2355,78.89075348996198,0.21197045069520717
Fred,2022,Manchester Utd,Premier League,2028,80.49114098472889,0.8123485334442891
Jadon Sancho,2022,Manchester Utd,Premier League,1900,78.22176776961031,-0.038996496675091134
Raphaël Varane,2022,Manchester Utd,Premier League,1831,77.77426611904092,-0.20687470359336824
Aaron Wan-Bissaka,2022,Manchester Utd,Premier League,1793,79.17763055765319,0.31959107660506636
Diogo Dalot,2022,Manchester Utd,Premier League,1801,76.71093987179664,-0.6057767043555503
Luke Shaw,2022,Manchester Utd,Premier League,1601,79.96573879574393,0.6152462941888508
Alex Telles,2022,Manchester Utd,Premier League,1660,76.94697914852338,-0.5172276442822448
Nemanja Matić,2022,Manchester Utd,Premier League,1382,79.01115104057985,0.2571370436884674
Paul Pogba,2022,Manchester Utd,Premier League,1349,86.0968185059486,2.9152929351622645
Mason Greenwood,2022,Manchester Utd,Premier League,1271,81.74720189617712,1.2835540660401235
Anthony Elanga,2022,Manchester Utd,Premier League,1214,77.39723190316664,-0.3483173731953137
Marcus Rashford,2022,Manchester Utd,Premier League,1235,74.9682239886867,-1.2595486340283124
Edinson Cavani,NA,NA,NA,NA,78.32571810925778,7.996706175257935e-14
Eric Bailly,NA,NA,NA,NA,78.32571810925778,7.996706175257935e-14
Jesse Lingard,NA,NA,NA,NA,78.32571810925778,7.996706175257935e-14
Juan Mata,NA,NA,NA,NA,78.32571810925778,7.996706175257935e-14
Anthony Martial,NA,NA,NA,NA,78.32571810925778,7.996706175257935e-14
Phil Jones,NA,NA,NA,NA,78.32571810925778,7.996706175257935e-14
Daniel James,2022,Leeds United,Premier League,2366,76.11480577338303,-0.8294136974195624
Hannibal Mejbri,NA,NA,NA,NA,78.32571810925778,7.996706175257935e-14
Donny van de Beek,NA,NA,NA,NA,78.32571810925778,7.996706175257935e-14
Shola Shoretire,NA,NA,NA,NA,78.32571810925778,7.996706175257935e-14
Alejandro Garnacho,NA,NA,NA,NA,78.32571810925778,7.996706175257935e-14
Amad Diallo,NA,NA,NA,NA,78.32571810925778,7.996706175257935e-14
Álvaro Fernández,2022,Brentford,Premier League,1080,78.46306311934501,0.05152435525838867
Tom Heaton,NA,NA,NA,NA,78.32571810925778,7.996706175257935e-14
Dean Henderson,NA,NA,NA,NA,78.32571810925778,7.996706175257935e-14
Andreas Pereira,NA,NA,NA,NA,78.32571810925778,7.996706175257935e-14
Charlie Savage,NA,NA,NA,NA,78.32571810925778,7.996706175257935e-14
Brandon Williams,2022,Norwich City,Premier League,2120,75.29191676241653,-1.138116763604985
Łukasz Fabiański,2022,West Ham,Premier League,3330,82.67970877025084,1.6333797745247203
Declan Rice,2022,West Ham,Premier League,3179,81.66053349018381,1.2510408080977025
Tomáš Souček,2022,West Ham,Premier League,3062,78.01537819045292,-0.11642260768825567
Jarrod Bowen,2022,West Ham,Premier League,2983,81.85575389213517,1.3242768531307423
Michail Antonio,2022,West Ham,Premier League,2971,80.7583727662969,0.9125993197020222
Pablo Fornals,2022,West Ham,Premier League,2795,79.75480631724085,0.5361159351681205
Aaron Cresswell,2022,West Ham,Premier League,2726,80.11421297702616,0.6709457073543761
Craig Dawson,2022,West Ham,Premier League,2754,78.07849537591498,-0.09274448290901269
Saïd Benrahma,2022,West Ham,Premier League,2168,78.44716554470621,0.04556045250782824
Vladimír Coufal,2022,West Ham,Premier League,2209,75.2140281373098,-1.167336326718577
Manuel Lanzini,2022,West Ham,Premier League,1786,79.2619650982814,0.35122879558090797
Ben Johnson,2022,West Ham,Premier League,1397,75.47819042130722,-1.068237048500279
Angelo Ogbonna,2022,West Ham,Premier League,921,76.52150640689446,-0.6768418063001586
Issa Diop,2022,West Ham,Premier League,963,75.51681400823416,-1.0537475857021024
Arthur Masuaku,NA,NA,NA,NA,78.32571810925778,7.996706175257935e-14
Nikola Vlašić,NA,NA,NA,NA,78.32571810925778,7.996706175257935e-14
Mark Noble,NA,NA,NA,NA,78.32571810925778,7.996706175257935e-14
Ryan Fredericks,NA,NA,NA,NA,78.32571810925778,7.996706175257935e-14
Andriy Yarmolenko,NA,NA,NA,NA,78.32571810925778,7.996706175257935e-14
Alphonse Areola,NA,NA,NA,NA,78.32571810925778,7.996706175257935e-14
Harrison Ashby,NA,NA,NA,NA,78.32571810925778,7.996706175257935e-14
Sonny Perkins,NA,NA,NA,NA,78.32571810925778,7.996706175257935e-14
Daniel Chesters,NA,NA,NA,NA,78.32571810925778,7.996706175257935e-14
Alex Král,NA,NA,NA,NA,78.32571810925778,7.996706175257935e-14
Ajibola Alese,NA,NA,NA,NA,78.32571810925778,7.996706175257935e-14
Jamal Baptiste,NA,NA,NA,NA,78.32571810925778,7.996706175257935e-14
Conor Coventry,NA,NA,NA,NA,78.32571810925778,7.996706175257935e-14
Pierre Ekwah Elimby,NA,NA,NA,NA,78.32571810925778,7.996706175257935e-14
Armstrong Okoflex,NA,NA,NA,NA,78.32571810925778,7.996706175257935e-14
Darren Randolph,NA,NA,NA,NA,78.32571810925778,7.996706175257935e-14
Kasper Schmeichel,2022,Leicester City,Premier League,3330,83.10702244386994,1.7936845537977337
Youri Tielemans,2022,Leicester City,Premier League,2631,83.21055984357477,1.8325261379333728
Çağlar Söyüncü,2022,Leicester City,Premier League,2497,80.36283346383193,0.7642145511117038
James Maddison,2022,Leicester City,Premier League,2459,82.50718939617519,1.5686599167507158
Harvey Barnes,2022,Leicester City,Premier League,2101,80.59168375619076,0.8500666964279053
Daniel Amartey,2022,Leicester City,Premier League,2123,77.79331881579388,-0.19972717114566513
Kiernan Dewsbury Hall,2022,Leicester City,Premier League,2105,77.23242227834497,-0.41014495363603837
Timothy Castagne,2022,Leicester City,Premier League,2127,76.32522866701183,-0.7504745068444857
Luke Thomas,2022,Leicester City,Premier League,1912,76.54010952069285,-0.6698629328510954
Jamie Vardy,2022,Leicester City,Premier League,1806,79.10063639958466,0.29070706872871366
Wilfred Ndidi,2022,Leicester City,Premier League,1618,77.33410216370908,-0.37200020754881663
Ademola Lookman,2022,Leicester City,Premier League,1453,80.75971383862912,0.9131024168820996
Jonny Evans,2022,Leicester City,Premier League,1348,79.4676580976335,0.4283935878513664
Kelechi Iheanacho,2022,Leicester City,Premier League,1264,77.4534433507976,-0.3272299045243966
Patson Daka,2022,Leicester City,Premier League,1159,77.59767493991913,-0.2731220804931605
Ricardo Pereira,2022,Leicester City,Premier League,991,80.57187303994765,0.8426347964194268
Boubakary Soumaré,2022,Leicester City,Premier League,1102,74.12033409244057,-1.5776306685075387
Nampalys Mendy,2022,Leicester City,Premier League,1032,80.31599142467401,0.7466419733743432
Marc Albrighton,2022,Leicester City,Premier League,1132,72.65074323778971,-2.1289409871809393
James Justin,2022,Leicester City,Premier League,998,78.09498577766952,-0.08655818376488339
Wesley Fofana,NA,NA,NA,NA,78.32571810925778,7.996706175257935e-14
Jannik Vestergaard,NA,NA,NA,NA,78.32571810925778,7.996706175257935e-14
Ayoze Pérez,NA,NA,NA,NA,78.32571810925778,7.996706175257935e-14
Ryan Bertrand,NA,NA,NA,NA,78.32571810925778,7.996706175257935e-14
Hamza Choudhury,NA,NA,NA,NA,78.32571810925778,7.996706175257935e-14
Danny Ward,NA,NA,NA,NA,78.32571810925778,7.996706175257935e-14
Lewis Brunt,NA,NA,NA,NA,78.32571810925778,7.996706175257935e-14
Kasey McAteer,NA,NA,NA,NA,78.32571810925778,7.996706175257935e-14
Vontae Daley Campbell,NA,NA,NA,NA,78.32571810925778,7.996706175257935e-14
Eldin Jakupović,NA,NA,NA,NA,78.32571810925778,7.996706175257935e-14
Benjamin Nelson,NA,NA,NA,NA,78.32571810925778,7.996706175257935e-14
Dennis Praet,NA,NA,NA,NA,78.32571810925778,7.996706175257935e-14
Robert Sánchez,2022,Brighton,Premier League,3329,79.22981761225982,0.3391688125543315
Marc Cucurella,2022,Brighton,Premier League,3089,79.64410000074484,0.49458496453543244
Joël Veltman,2022,Brighton,Premier League,2874,77.84621322011544,-0.1798840761711195
Leandro Trossard,2022,Brighton,Premier League,2805,80.29209960183702,0.7376790648067902
Lewis Dunk,2022,Brighton,Premier League,2573,79.69626550607879,0.5141546163731537
Neal Maupay,2022,Brighton,Premier League,2276,77.39568738643318,-0.3488967916163155
Yves Bissouma,2022,Brighton,Premier League,2111,79.99086902714052,0.624673786089568
Pascal Groß,2022,Brighton,Premier League,2038,80.06062531391488,0.6508425395009959
Alexis Mac Allister,2022,Brighton,Premier League,2123,77.97120117087599,-0.13299541546255783
Jakub Moder,2022,Brighton,Premier League,1701,75.40595170488265,-1.0953370740934878
Adam Lallana,2022,Brighton,Premier League,1561,78.7840444014397,0.17193902193911118
Solly March,2022,Brighton,Premier League,1746,74.90010021297596,-1.2851049583463818
Tariq Lamptey,2022,Brighton,Premier League,1561,74.91404037868197,-1.2798753686456685
Adam Webster,2022,Brighton,Premier League,1434,76.44855416239197,-0.7042095087033977
Danny Welbeck,2022,Brighton,Premier League,1478,76.1678142362123,-0.8095278139151131
Shane Duffy,2022,Brighton,Premier League,1436,77.82611407248564,-0.18742417990120516
Dan Burn,2022,Brighton,Premier League,1022,76.66030842092825,-0.6247708626444454
Dan Burn,2022,Newcastle Utd,Premier League,1440,76.54894244078342,-0.6665493030918076
Enock Mwepu,2022,Brighton,Premier League,996,77.87787009596887,-0.16800814331557348
Moisés Caicedo,NA,NA,NA,NA,78.32571810925778,7.996706175257935e-14
Steven Alzate,NA,NA,NA,NA,78.32571810925778,7.996706175257935e-14
Aaron Connolly,NA,NA,NA,NA,78.32571810925778,7.996706175257935e-14
Jason Steele,NA,NA,NA,NA,78.32571810925778,7.996706175257935e-14
Jeremy Sarmiento,NA,NA,NA,NA,78.32571810925778,7.996706175257935e-14
Taylor Richards,NA,NA,NA,NA,78.32571810925778,7.996706175257935e-14
Evan Ferguson,NA,NA,NA,NA,78.32571810925778,7.996706175257935e-14
Jürgen Locadia,NA,NA,NA,NA,78.32571810925778,7.996706175257935e-14
Florin Andone,NA,NA,NA,NA,78.32571810925778,7.996706175257935e-14
Michał Karbownik,NA,NA,NA,NA,78.32571810925778,7.996706175257935e-14
Marc Leonard,NA,NA,NA,NA,78.32571810925778,7.996706175257935e-14
Thomas Mcgill,NA,NA,NA,NA,78.32571810925778,7.996706175257935e-14
Odeluga Offiah,NA,NA,NA,NA,78.32571810925778,7.996706175257935e-14
Haydon Roberts,NA,NA,NA,NA,78.32571810925778,7.996706175257935e-14
Kjell Scherpen,NA,NA,NA,NA,78.32571810925778,7.996706175257935e-14
Ed Turns,NA,NA,NA,NA,78.32571810925778,7.996706175257935e-14
Andi Zeqiri,NA,NA,NA,NA,78.32571810925778,7.996706175257935e-14
Conor Coady,2022,Wolves,Premier League,3361,79.27772212021087,0.35713997062244424
José Sá,2022,Wolves,Premier League,3285,81.19682705171897,1.0770834487742507
João Moutinho,2022,Wolves,Premier League,2970,80.21357302063814,0.7082201753695829
Romain Saïss,2022,Wolves,Premier League,2705,79.45590897710875,0.4239859587754672
Rúben Neves,2022,Wolves,Premier League,2661,80.46866291185832,0.8039159867404095
Max Kilman,2022,Wolves,Premier League,2687,78.31320465707762,-0.004694364616653096
Raúl Jiménez,2022,Wolves,Premier League,2631,79.44978261798659,0.42168768304160664
Nélson Semedo,2022,Wolves,Premier League,2131,76.61822283991775,-0.6405590767620166
Leander Dendoncker,2022,Wolves,Premier League,1950,76.87452710599864,-0.5444076981907494
Rayan Aït Nouri,2022,Wolves,Premier League,1828,77.1165286110755,-0.4536219352954968
Hwang Hee-chan,2022,Wolves,Premier League,1816,76.0304010202078,-0.8610777563127677
Fernando Marçal,2022,Wolves,Premier League,1449,77.53171986984873,-0.29786482476348897
Francisco Trincão,2022,Wolves,Premier League,1336,75.21639172190072,-1.1664496387197303
Daniel Podence,2022,Wolves,Premier League,1484,76.02241083922038,-0.8640752363341573
Adama Traoré,2022,Wolves,Premier League,1067,74.41806465518658,-1.4659384033394143
Jonny Castro,2022,Wolves,Premier League,1024,78.15117190683893,-0.06548021319955327
Willy Boly,2022,Wolves,Premier League,900,77.14856283945397,-0.4416044403581109
Fábio Silva,NA,NA,NA,NA,78.32571810925778,7.996706175257935e-14
Pedro Neto,NA,NA,NA,NA,78.32571810925778,7.996706175257935e-14
Toti Gomes,NA,NA,NA,NA,78.32571810925778,7.996706175257935e-14
Ki-Jana Hoever,NA,NA,NA,NA,78.32571810925778,7.996706175257935e-14
Luke Cundle,NA,NA,NA,NA,78.32571810925778,7.996706175257935e-14
Chiquinho,NA,NA,NA,NA,78.32571810925778,7.996706175257935e-14
John Ruddy,NA,NA,NA,NA,78.32571810925778,7.996706175257935e-14
Chem Campbell,NA,NA,NA,NA,78.32571810925778,7.996706175257935e-14
Morgan Gibbs-White,NA,NA,NA,NA,78.32571810925778,7.996706175257935e-14
Hugo Bueno,NA,NA,NA,NA,78.32571810925778,7.996706175257935e-14
Ryan John Giles,NA,NA,NA,NA,78.32571810925778,7.996706175257935e-14
Bruno Jordão,NA,NA,NA,NA,78.32571810925778,7.996706175257935e-14
Christian Marques,NA,NA,NA,NA,78.32571810925778,7.996706175257935e-14
Yerson Mosquera,NA,NA,NA,NA,78.32571810925778,7.996706175257935e-14
Louie Moulden,NA,NA,NA,NA,78.32571810925778,7.996706175257935e-14
Dion Sanderson,NA,NA,NA,NA,78.32571810925778,7.996706175257935e-14
James Storer,NA,NA,NA,NA,78.32571810925778,7.996706175257935e-14
Allan Saint-Maximin,2022,Newcastle Utd,Premier League,2804,78.4833175470335,0.05912271159556044
Joelinton,2022,Newcastle Utd,Premier League,2558,77.13576226221758,-0.446406518632526
Martin Dúbravka,2022,Newcastle Utd,Premier League,2340,82.53492725517029,1.5790656482735463
Fabian Schär,2022,Newcastle Utd,Premier League,2158,75.00284334726305,-1.2465613392662402
Joe Willock,2022,Newcastle Utd,Premier League,2038,74.89917962326308,-1.2854503133860973
Jamaal Lascelles,2022,Newcastle Utd,Premier League,2058,74.33999633018945,-1.4952253800487878
Jonjo Shelvey,2022,Newcastle Utd,Premier League,1983,73.41970408751348,-1.8404688251727612
Miguel Almirón,2022,Newcastle Utd,Premier League,1716,72.20166127804173,-2.2974120398930613
Emil Krafth,2022,Newcastle Utd,Premier League,1634,73.56771095427902,-1.784944722920677
Ryan Fraser,2022,Newcastle Utd,Premier League,1465,74.76766447918412,-1.33478762095241
Matt Targett,2022,Aston Villa,Premier League,1431,76.3055276189919,-0.7578652653183097
Matt Targett,2022,Newcastle Utd,Premier League,1440,74.63738939927333,-1.3836597240915403
Callum Wilson,2022,Newcastle Utd,Premier League,1386,73.18408517755266,-1.9288601865675898
Sean Longstaff,2022,Newcastle Utd,Premier League,1464,73.6938299680184,-1.7376317490848718
Chris Wood,2022,Burnley,Premier League,1367,72.73166793691749,-2.098582454720363
Chris Wood,2022,Newcastle Utd,Premier League,1327,69.17196176698523,-3.4339900184774645
Javier Manquillo,2022,Newcastle Utd,Premier League,1257,73.67635840580756,-1.74418612610736
Matt Ritchie,2022,Newcastle Utd,Premier League,1337,73.22108506833719,-1.9149798459852134
Jacob Murphy,2022,Newcastle Utd,Premier League,1473,72.34897438437461,-2.242148198708878
Ciaran Clark,2022,Newcastle Utd,Premier League,1014,75.19740347130303,-1.1735729944856779
Isaac Hayden,2022,Newcastle Utd,Premier League,1002,74.13973696154325,-1.5703517704970331
Bruno Guimarães,2022,Newcastle Utd,Premier League,1034,82.1221225827275,1.4242038547382492
Karl Darlow,NA,NA,NA,NA,78.32571810925778,7.996706175257935e-14
Federico Fernández,NA,NA,NA,NA,78.32571810925778,7.996706175257935e-14
Kieran Trippier,NA,NA,NA,NA,78.32571810925778,7.996706175257935e-14
Freddie Woodman,NA,NA,NA,NA,78.32571810925778,7.996706175257935e-14
Jamal Lewis,NA,NA,NA,NA,78.32571810925778,7.996706175257935e-14
Paul Dummett,NA,NA,NA,NA,78.32571810925778,7.996706175257935e-14
Jeff Hendrick,NA,NA,NA,NA,78.32571810925778,7.996706175257935e-14
Dwight Gayle,NA,NA,NA,NA,78.32571810925778,7.996706175257935e-14
Elliot Anderson,NA,NA,NA,NA,78.32571810925778,7.996706175257935e-14
Lucas De Bolle,NA,NA,NA,NA,78.32571810925778,7.996706175257935e-14
Mark Gillespie,NA,NA,NA,NA,78.32571810925778,7.996706175257935e-14
Joe White,NA,NA,NA,NA,78.32571810925778,7.996706175257935e-14
Marc Guéhi,2022,Crystal Palace,Premier League,3222,81.11638988934509,1.0469078135073415
Tyrick Mitchell,2022,Crystal Palace,Premier League,3101,75.36281246259868,-1.1115205644409119
Conor Gallagher,2022,Crystal Palace,Premier League,2845,81.31151535370655,1.1201082431357452
Joachim Andersen,2022,Crystal Palace,Premier League,2916,79.99184423695637,0.6250396316122504
Wilfried Zaha,2022,Crystal Palace,Premier League,2760,80.45472513769889,0.7986872942175108
Vicente Guaita,2022,Crystal Palace,Premier League,2655,82.42996019123747,1.5396877321114582
Joel Ward,2022,Crystal Palace,Premier League,2487,77.40479403274783,-0.34548047471022814
Jordan Ayew,2022,Crystal Palace,Premier League,2019,77.44261585940187,-0.33129178862834446
Cheikhou Kouyaté,2022,Crystal Palace,Premier League,1974,75.25787692180428,-1.150886654841135
Jeffrey Schlupp,2022,Crystal Palace,Premier League,1851,76.92943156372083,-0.5238105408339143
Odsonne Édouard,2022,Crystal Palace,Premier League,1564,77.53341372900323,-0.2972293812131294
James McArthur,2022,Crystal Palace,Premier League,1439,77.39992383756297,-0.347307506261814
Nathaniel Clyne,2022,Crystal Palace,Premier League,1351,73.79070937581939,-1.7012878803008356
Jean-Philippe Mateta,2022,Crystal Palace,Premier League,1145,75.95943118436934,-0.8877017671307995
Will Hughes,2022,Crystal Palace,Premier League,1053,76.30360812516602,-0.7585853546884148
Michael Olise,2022,Crystal Palace,Premier League,1141,78.56966416517804,0.09151525229148742
Christian Benteke,2022,Crystal Palace,Premier League,1145,74.58919968972228,-1.4017378742414892
Luka Milivojević,NA,NA,NA,NA,78.32571810925778,7.996706175257935e-14
Jack Butland,NA,NA,NA,NA,78.32571810925778,7.996706175257935e-14
Eberechi Eze,NA,NA,NA,NA,78.32571810925778,7.996706175257935e-14
James Tomkins,NA,NA,NA,NA,78.32571810925778,7.996706175257935e-14
Jaïro Riedewald,NA,NA,NA,NA,78.32571810925778,7.996706175257935e-14
Jesuran Rak Sakyi,NA,NA,NA,NA,78.32571810925778,7.996706175257935e-14
Nathan Ferguson,NA,NA,NA,NA,78.32571810925778,7.996706175257935e-14
Omotayo Adaramola,NA,NA,NA,NA,78.32571810925778,7.996706175257935e-14
Scott Banks,NA,NA,NA,NA,78.32571810925778,7.996706175257935e-14
Reece Hannam,NA,NA,NA,NA,78.32571810925778,7.996706175257935e-14
Martin Kelly,NA,NA,NA,NA,78.32571810925778,7.996706175257935e-14
Remi Matthews,NA,NA,NA,NA,78.32571810925778,7.996706175257935e-14
Robert Street,NA,NA,NA,NA,78.32571810925778,7.996706175257935e-14
Pontus Jansson,2022,Brentford,Premier League,3321,78.11297304153273,-0.07981034361529159
Christian Nørgaard,2022,Brentford,Premier League,3054,80.82323857175479,0.9369334313119432
Bryan Mbeumo,2022,Brentford,Premier League,2905,79.19716930258105,0.3269209478128008
Rico Henry,2022,Brentford,Premier League,2776,75.90382567857448,-0.9085619194805106
Ivan Toney,2022,Brentford,Premier League,2909,78.95403897238124,0.23571171131175575
Ethan Pinnock,2022,Brentford,Premier League,2694,76.22545806434273,-0.7879029942208613
Vitaly Janelt,2022,Brentford,Premier League,2298,76.35473659016957,-0.7394047438094216
Sergi Canós,2022,Brentford,Premier League,2083,74.87799445479662,-1.2933978328888422
David Raya,2022,Brentford,Premier League,2160,82.1963806546912,1.45206143236866
Kristoffer Ajer,2022,Brentford,Premier League,1995,75.50024926427407,-1.0599617739861942
Mathias Jensen,2022,Brentford,Premier League,1601,75.72279679779717,-0.9764740799533217
Yoane Wissa,2022,Brentford,Premier League,1284,73.84459434418271,-1.6810731797356595
Mads Roerslev,2022,Brentford,Premier League,1240,72.14783404423453,-2.3176050816023497
Frank Onyeka,2022,Brentford,Premier League,1045,73.55920685835109,-1.7881349957923542
Christian Eriksen,2022,Brentford,Premier League,939,81.36573647404221,1.1404490495829793
Shandon Baptiste,2022,Brentford,Premier League,910,70.38732102829842,-2.978053524631751
Mads Bech Sørensen,NA,NA,NA,NA,78.32571810925778,7.996706175257935e-14
Mathias Jørgensen,NA,NA,NA,NA,78.32571810925778,7.996706175257935e-14
Saman Ghoddos,NA,NA,NA,NA,78.32571810925778,7.996706175257935e-14
Charlie Goode,NA,NA,NA,NA,78.32571810925778,7.996706175257935e-14
Josh Dasilva,NA,NA,NA,NA,78.32571810925778,7.996706175257935e-14
Jonas Lössl,NA,NA,NA,NA,78.32571810925778,7.996706175257935e-14
Dominic Thompson,NA,NA,NA,NA,78.32571810925778,7.996706175257935e-14
Marcus Forss,NA,NA,NA,NA,78.32571810925778,7.996706175257935e-14
Mads Bidstrup,NA,NA,NA,NA,78.32571810925778,7.996706175257935e-14
Tariqe Fosu,NA,NA,NA,NA,78.32571810925778,7.996706175257935e-14
Finley Stevens,NA,NA,NA,NA,78.32571810925778,7.996706175257935e-14
Nathan Young-Coombes,NA,NA,NA,NA,78.32571810925778,7.996706175257935e-14
Matthew Cox,NA,NA,NA,NA,78.32571810925778,7.996706175257935e-14
Halil Dervişoğlu,NA,NA,NA,NA,78.32571810925778,7.996706175257935e-14
Patrik Gunnarsson,NA,NA,NA,NA,78.32571810925778,7.996706175257935e-14
Maxwell Haygarth,NA,NA,NA,NA,78.32571810925778,7.996706175257935e-14
Julian Jeanvier,NA,NA,NA,NA,78.32571810925778,7.996706175257935e-14
Edmond-Paris Maghoma,NA,NA,NA,NA,78.32571810925778,7.996706175257935e-14
Myles Peart-Harris,NA,NA,NA,NA,78.32571810925778,7.996706175257935e-14
Matty Cash,2022,Aston Villa,Premier League,3377,77.96975656447091,-0.13353735297871616
Emiliano Martínez,2022,Aston Villa,Premier League,3240,81.7805007027879,1.2960459617442501
Tyrone Mings,2022,Aston Villa,Premier League,3189,77.27617824905253,-0.3937301004282163
John McGinn,2022,Aston Villa,Premier League,3090,79.58754961826018,0.4733703459971817
Ollie Watkins,2022,Aston Villa,Premier League,2952,79.33734515852832,0.37950728200781714
Douglas Luiz,2022,Aston Villa,Premier League,2715,78.86559749610778,0.20253329412580315
Ezri Konsa,2022,Aston Villa,Premier League,2477,76.90385882408317,-0.5334040376867072
Jacob Ramsey,2022,Aston Villa,Premier League,2467,76.93258212097103,-0.5226286236247031
Emi Buendía,2022,Aston Villa,Premier League,1899,80.71528231311625,0.8964341323645907
Danny Ings,2022,Aston Villa,Premier League,1898,76.95028373839432,-0.5159879424366154
Philippe Coutinho,2022,Aston Villa,Premier League,1329,80.66145340029138,0.8762404607794666
Lucas Digne,2022,Aston Villa,Premier League,1269,78.06694375885773,-0.09707801945823057
Lucas Digne,2022,Everton,Premier League,1170,74.58028409032023,-1.4050825207680717
Ashley Young,2022,Aston Villa,Premier League,1250,72.19038261337282,-2.301643179596433
Marvelous Nakamba,2022,Aston Villa,Premier League,904,72.73689668534077,-2.0966209135537333
Leon Bailey,NA,NA,NA,NA,78.32571810925778,7.996706175257935e-14
Axel Tuanzebe,NA,NA,NA,NA,78.32571810925778,7.996706175257935e-14
Kortney Hause,NA,NA,NA,NA,78.32571810925778,7.996706175257935e-14
Anwar El Ghazi,NA,NA,NA,NA,78.32571810925778,7.996706175257935e-14
Morgan Sanson,NA,NA,NA,NA,78.32571810925778,7.996706175257935e-14
Carney Chukwuemeka,NA,NA,NA,NA,78.32571810925778,7.996706175257935e-14
Bertrand Traoré,NA,NA,NA,NA,78.32571810925778,7.996706175257935e-14
Tim Iroegbunam,NA,NA,NA,NA,78.32571810925778,7.996706175257935e-14
Robin Olsen,NA,NA,NA,NA,78.32571810925778,7.996706175257935e-14
Jed Steer,NA,NA,NA,NA,78.32571810925778,7.996706175257935e-14
Cameron Archer,NA,NA,NA,NA,78.32571810925778,7.996706175257935e-14
Keinan Davis,NA,NA,NA,NA,78.32571810925778,7.996706175257935e-14
Trézéguet,NA,NA,NA,NA,78.32571810925778,7.996706175257935e-14
Jaden Philogene Bidace,NA,NA,NA,NA,78.32571810925778,7.996706175257935e-14
Wesley Moraes,NA,NA,NA,NA,78.32571810925778,7.996706175257935e-14
Lamare Bogarde,NA,NA,NA,NA,78.32571810925778,7.996706175257935e-14
Benjamin Chrisene,NA,NA,NA,NA,78.32571810925778,7.996706175257935e-14
Josh Feeney,NA,NA,NA,NA,78.32571810925778,7.996706175257935e-14
Frederic Guilbert,NA,NA,NA,NA,78.32571810925778,7.996706175257935e-14
Conor Hourihane,NA,NA,NA,NA,78.32571810925778,7.996706175257935e-14
Kaine Kessler,NA,NA,NA,NA,78.32571810925778,7.996706175257935e-14
Filip Marshall,NA,NA,NA,NA,78.32571810925778,7.996706175257935e-14
Tommi O'Reilly,NA,NA,NA,NA,78.32571810925778,7.996706175257935e-14
Aaron Ramsey,NA,NA,NA,NA,78.32571810925778,7.996706175257935e-14
Viljami Sinisalo,NA,NA,NA,NA,78.32571810925778,7.996706175257935e-14
James Ward-Prowse,2022,Southampton,Premier League,3215,80.49759860938379,0.8147710819346387
Oriol Romeu,2022,Southampton,Premier League,2889,79.11250102142317,0.29515802759663856
Mohammed Salisu,2022,Southampton,Premier League,2972,77.46479446067177,-0.32297158733208386
Jan Bednarek,2022,Southampton,Premier League,2629,78.60974097411878,0.10654988471221051
Kyle Walker-Peters,2022,Southampton,Premier League,2633,77.88739652009613,-0.16443434867416307
Valentino Livramento,2022,Southampton,Premier League,2202,75.95612294831302,-0.8889428368262733
Mohamed Elyounoussi,2022,Southampton,Premier League,2042,77.4799348039005,-0.3172917564976422
Che Adams,2022,Southampton,Premier League,2039,77.74368006977,-0.21834892073152465
Armando Broja,2022,Southampton,Premier League,1975,74.4120643411808,-1.4681893938216992
Nathan Redmond,2022,Southampton,Premier League,1833,76.09903627517859,-0.8353295528788508
Fraser Forster,2022,Southampton,Premier League,1710,77.92548180308677,-0.15014682814701438
Romain Perraud,2022,Southampton,Premier League,1623,73.16746111291492,-1.9350966287338391
Alex McCarthy,2022,Southampton,Premier League,1530,76.18266753127926,-0.8039556678917447
Adam Armstrong,2022,Southampton,Premier League,1413,75.44868999440786,-1.0793039993481406
Stuart Armstrong,2022,Southampton,Premier League,1473,75.37416760312887,-1.107260735166345
Ibrahima Diallo,2022,Southampton,Premier League,1023,72.74518797785794,-2.093510472912796
Nathan Tella,NA,NA,NA,NA,78.32571810925778,7.996706175257935e-14
Lyanco,2022,Southampton,Premier League,911,73.97208966036042,-1.6332438923058592
Jack Stephens,NA,NA,NA,NA,78.32571810925778,7.996706175257935e-14
Moussa Djenepo,NA,NA,NA,NA,78.32571810925778,7.996706175257935e-14
Theo Walcott,NA,NA,NA,NA,78.32571810925778,7.996706175257935e-14
Yan Valery,NA,NA,NA,NA,78.32571810925778,7.996706175257935e-14
Shane Long,NA,NA,NA,NA,78.32571810925778,7.996706175257935e-14
Willy Caballero,NA,NA,NA,NA,78.32571810925778,7.996706175257935e-14
William Smallbone,NA,NA,NA,NA,78.32571810925778,7.996706175257935e-14
Kgagelo Chauke,NA,NA,NA,NA,78.32571810925778,7.996706175257935e-14
Tyler Dibling,NA,NA,NA,NA,78.32571810925778,7.996706175257935e-14
Harry Lewis,NA,NA,NA,NA,78.32571810925778,7.996706175257935e-14
Dynel Simeu,NA,NA,NA,NA,78.32571810925778,7.996706175257935e-14
Thierry Small,NA,NA,NA,NA,78.32571810925778,7.996706175257935e-14
Jordan Pickford,2022,Everton,Premier League,3150,80.2636300082921,0.7269988263988801
Michael Keane,2022,Everton,Premier League,2792,76.42446691060658,-0.7132457315512353
Séamus Coleman,2022,Everton,Premier League,2656,76.42911673670042,-0.7115013704608967
Abdoulaye Doucouré,2022,Everton,Premier League,2537,77.30706009407824,-0.3821449168592916
Richarlison,2022,Everton,Premier League,2523,77.87391538525333,-0.16949173503632312
Demarai Gray,2022,Everton,Premier League,2338,77.33977884292482,-0.36987062718464153
Anthony Gordon,2022,Everton,Premier League,2285,74.89922627657393,-1.2854328116089269
Allan,2022,Everton,Premier League,2183,75.63613044230222,-1.0089865686606208
Mason Holgate,2022,Everton,Premier League,2134,74.65253059167482,-1.3779795746938075
Ben Godfrey,2022,Everton,Premier League,2029,74.55641216099694,-1.414037966374529
Alex Iwobi,2022,Everton,Premier League,2035,75.26924298065617,-1.1466227296078866
Andros Townsend,2022,Everton,Premier League,1455,74.89469571558946,-1.2871324309364485
Dominic Calvert-Lewin,2022,Everton,Premier League,1283,74.1835422785278,-1.553918405258055
Vitaliy Mykolenko,2022,Everton,Premier League,1055,74.05832649636854,-1.6008925358786221
Jonjoe Kenny,2022,Everton,Premier League,1018,72.58387309107924,-2.1540270182868184
Yerry Mina,NA,NA,NA,NA,78.32571810925778,7.996706175257935e-14
Salomón Rondón,NA,NA,NA,NA,78.32571810925778,7.996706175257935e-14
Fabian Delph,NA,NA,NA,NA,78.32571810925778,7.996706175257935e-14
André Gomes,NA,NA,NA,NA,78.32571810925778,7.996706175257935e-14
Jarrad Branthwaite,NA,NA,NA,NA,78.32571810925778,7.996706175257935e-14
Asmir Begović,NA,NA,NA,NA,78.32571810925778,7.996706175257935e-14
Tom Davies,NA,NA,NA,NA,78.32571810925778,7.996706175257935e-14
Jean-Philippe Gbamin,NA,NA,NA,NA,78.32571810925778,7.996706175257935e-14
Ellis Simms,NA,NA,NA,NA,78.32571810925778,7.996706175257935e-14
Lewis Dobbin,NA,NA,NA,NA,78.32571810925778,7.996706175257935e-14
Tyler Onyango,NA,NA,NA,NA,78.32571810925778,7.996706175257935e-14
Isaac Price,NA,NA,NA,NA,78.32571810925778,7.996706175257935e-14
Cenk Tosun,NA,NA,NA,NA,78.32571810925778,7.996706175257935e-14
Moise Kean,NA,NA,NA,NA,78.32571810925778,7.996706175257935e-14
Nathan Broadhead,NA,NA,NA,NA,78.32571810925778,7.996706175257935e-14
Andy Lonergan,NA,NA,NA,NA,78.32571810925778,7.996706175257935e-14
Niels Nkounkou,NA,NA,NA,NA,78.32571810925778,7.996706175257935e-14
Nathan Patterson,NA,NA,NA,NA,78.32571810925778,7.996706175257935e-14
Harry Tyrer,NA,NA,NA,NA,78.32571810925778,7.996706175257935e-14
Reece Welch,NA,NA,NA,NA,78.32571810925778,7.996706175257935e-14
Charlie Whitaker,NA,NA,NA,NA,78.32571810925778,7.996706175257935e-14
Illan Meslier,2022,Leeds United,Premier League,3384,78.40603180655754,0.03012931790651716
Stuart Dallas,2022,Leeds United,Premier League,2919,78.34433804190043,0.006985182961997379
Raphael Dias Belloli,2022,Leeds United,Premier League,2915,81.07421674603255,1.0310867507907948
Jack Harrison,2022,Leeds United,Premier League,2639,76.32703357419545,-0.749797404131556
Diego Llorente,2022,Leeds United,Premier League,2340,76.71294162321679,-0.6050257564234394
Rodrigo,2022,Leeds United,Premier League,2265,78.65655295042102,0.12411118450612453
Luke Ayling,2022,Leeds United,Premier League,2272,77.63096031889657,-0.2606352221045538
Mateusz Klich,2022,Leeds United,Premier League,2073,76.45861784169378,-0.7004341652291591
Pascal Struijk,2022,Leeds United,Premier League,2055,76.90930613241804,-0.5313605047642596
Liam Cooper,2022,Leeds United,Premier League,1814,75.28940640272472,-1.1390585136147222
Junior Firpo,2022,Leeds United,Premier League,1711,78.38779025272878,0.02328608203402656
Kalvin Phillips,2022,Leeds United,Premier League,1596,77.46194466325396,-0.32404067585940766
Robin Koch,2022,Leeds United,Premier League,1574,74.00473198321609,-1.6209982734937634
Adam Forshaw,2022,Leeds United,Premier League,1530,75.36932511937215,-1.109077370901821
Tyler Roberts,2022,Leeds United,Premier League,987,73.27525005404476,-1.894660098188146
Jamie Shackleton,NA,NA,NA,NA,78.32571810925778,7.996706175257935e-14
Patrick Bamford,NA,NA,NA,NA,78.32571810925778,7.996706175257935e-14
Joe Gelhardt,NA,NA,NA,NA,78.32571810925778,7.996706175257935e-14
Sam Greenwood,NA,NA,NA,NA,78.32571810925778,7.996706175257935e-14
Lewis Bate,NA,NA,NA,NA,78.32571810925778,7.996706175257935e-14
Charlie Cresswell,NA,NA,NA,NA,78.32571810925778,7.996706175257935e-14
Cody Drameh,NA,NA,NA,NA,78.32571810925778,7.996706175257935e-14
Leo Fuhr Hjelde,NA,NA,NA,NA,78.32571810925778,7.996706175257935e-14
Crysencio Summerville,NA,NA,NA,NA,78.32571810925778,7.996706175257935e-14
Kristoffer Klaesson,NA,NA,NA,NA,78.32571810925778,7.996706175257935e-14
Hélder Costa,NA,NA,NA,NA,78.32571810925778,7.996706175257935e-14
Liam McCarron,NA,NA,NA,NA,78.32571810925778,7.996706175257935e-14
Stuart McKinstry,NA,NA,NA,NA,78.32571810925778,7.996706175257935e-14
Nohan Kenneh,NA,NA,NA,NA,78.32571810925778,7.996706175257935e-14
Archie Gray,NA,NA,NA,NA,78.32571810925778,7.996706175257935e-14
Jack Jenkins,NA,NA,NA,NA,78.32571810925778,7.996706175257935e-14
Kris Moore,NA,NA,NA,NA,78.32571810925778,7.996706175257935e-14
Nick Pope,2022,Burnley,Premier League,3240,81.69042425334348,1.2622541918165773
Dwight McNeil,2022,Burnley,Premier League,3107,77.02679968683708,-0.487283332724276
James Tarkowski,2022,Burnley,Premier League,3106,75.76634550828902,-0.9601369794718545
Josh Brownhill,2022,Burnley,Premier League,2955,76.21668698104939,-0.7911934261871862
Charlie Taylor,2022,Burnley,Premier League,2731,76.73902718037046,-0.5952398784141643
Ashley Westwood,2022,Burnley,Premier League,2287,75.75233289360115,-0.9653937480782796
Ben Mee,2022,Burnley,Premier League,1839,75.79144294369996,-0.9507217908358456
Maxwel Cornet,2022,Burnley,Premier League,1766,77.11985135941735,-0.4523754213821691
Matthew Lowton,2022,Burnley,Premier League,1772,73.79393536705535,-1.700077664375288
Jack Cork,2022,Burnley,Premier League,1670,73.87999425572124,-1.6677930640833643
Connor Roberts,2022,Burnley,Premier League,1692,73.97271098041827,-1.6330108069147757
Nathan Collins,2022,Burnley,Premier League,1670,75.643867576150015,-1.0060840181216402
Aaron Lennon,2022,Burnley,Premier League,1551,71.67621168268903,-2.494532063431536
Wout Weghorst,2022,Burnley,Premier League,1450,75.68618605179445,-0.9902084346424213
Jay Rodriguez,2022,Burnley,Premier League,1382,73.72853612986647,-1.7246118904705963
Jóhann Berg Guðmundsson,2022,Burnley,Premier League,1102,72.45273081755646,-2.203224445161509
Ashley Barnes,NA,NA,NA,NA,78.32571810925778,7.996706175257935e-14
Erik Pieters,NA,NA,NA,NA,78.32571810925778,7.996706175257935e-14
Matěj Vydra,NA,NA,NA,NA,78.32571810925778,7.996706175257935e-14
Kevin Long,NA,NA,NA,NA,78.32571810925778,7.996706175257935e-14
Wayne Hennessey,NA,NA,NA,NA,78.32571810925778,7.996706175257935e-14
Dale Stephens,NA,NA,NA,NA,78.32571810925778,7.996706175257935e-14
Phil Bardsley,NA,NA,NA,NA,78.32571810925778,7.996706175257935e-14
Dara Costelloe,NA,NA,NA,NA,78.32571810925778,7.996706175257935e-14
Owen Dodgson,NA,NA,NA,NA,78.32571810925778,7.996706175257935e-14
Anthony Gomez Mancini,NA,NA,NA,NA,78.32571810925778,7.996706175257935e-14
Joseph McGlynn,NA,NA,NA,NA,78.32571810925778,7.996706175257935e-14
Will Norris,NA,NA,NA,NA,78.32571810925778,7.996706175257935e-14
Lewis Richardson,NA,NA,NA,NA,78.32571810925778,7.996706175257935e-14
Bobby Thomas,NA,NA,NA,NA,78.32571810925778,7.996706175257935e-14
Sam Waller,NA,NA,NA,NA,78.32571810925778,7.996706175257935e-14
Emmanuel Dennis,2022,Watford,Premier League,2581,79.06851529474498,0.27865698248242304
Craig Cathcart,2022,Watford,Premier League,2396,75.20813076327708,-1.1695486997386062
Joshua King,2022,Watford,Premier League,2248,76.58834360396787,-0.6517681361006161
Ben Foster,2022,Watford,Premier League,2340,78.02349489488219,-0.11337766297366594
Kiko Femenía,2022,Watford,Premier League,2142,75.93471822243033,-0.8969727222941615
Juraj Kucka,2022,Watford,Premier League,1920,75.7840625090452,-0.9534905272964658
Ismaila Sarr,2022,Watford,Premier League,1861,75.5972315463914,-1.0235793123707277
Tom Cleverley,2022,Watford,Premier League,1616,73.63334094117657,-1.7603239321226734
Samir Santos,2022,Watford,Premier League,1673,75.61042837667219,-1.0186285815706848
Hassane Kamara,2022,Watford,Premier League,1623,73.67262521757404,-1.7455866146774808
Imran Louza,2022,Watford,Premier League,1416,74.9441067747433,-1.2685960970433217
João Pedro,2022,Watford,Premier League,1644,76.27179501238965,-0.7705198991143215
William Troost-Ekong,2022,Watford,Premier League,1390,74.10927480799171,-1.5817795087201096
Adam Masina,2022,Watford,Premier League,1077,73.29166324659742,-1.8885027637245988
Christian Kabasele,2022,Watford,Premier League,1193,74.45992813668862,-1.4502335088413143
Daniel Bachmann,2022,Watford,Premier League,1080,78.46265510715905,0.05137129134434015
Cucho,2022,Watford,Premier League,1147,72.11469686447407,-2.330036343729397
Jeremy Ngakia,2022,Watford,Premier League,903,69.64005429569914,-3.2583872373651572
Edo Kayembe,NA,NA,NA,NA,78.32571810925778,7.996706175257935e-14
Ken Sema,NA,NA,NA,NA,78.32571810925778,7.996706175257935e-14
Danny Rose,NA,NA,NA,NA,78.32571810925778,7.996706175257935e-14
Francisco Sierralta,NA,NA,NA,NA,78.32571810925778,7.996706175257935e-14
Oghenekaro Etebo,NA,NA,NA,NA,78.32571810925778,7.996706175257935e-14
Ozan Tufan,NA,NA,NA,NA,78.32571810925778,7.996706175257935e-14
Samuel Kalu,NA,NA,NA,NA,78.32571810925778,7.996706175257935e-14
Nicolas Nkoulou,NA,NA,NA,NA,78.32571810925778,7.996706175257935e-14
Dan Gosling,NA,NA,NA,NA,78.32571810925778,7.996706175257935e-14
Ashley Fletcher,NA,NA,NA,NA,78.32571810925778,7.996706175257935e-14
Troy Deeney,NA,NA,NA,NA,78.32571810925778,7.996706175257935e-14
Vincent Angelini,NA,NA,NA,NA,78.32571810925778,7.996706175257935e-14
Kwadwo Baah,NA,NA,NA,NA,78.32571810925778,7.996706175257935e-14
Adrian Blake,NA,NA,NA,NA,78.32571810925778,7.996706175257935e-14
Kamil Conteh,NA,NA,NA,NA,78.32571810925778,7.996706175257935e-14
Tiago Çukur,NA,NA,NA,NA,78.32571810925778,7.996706175257935e-14
Rob Elliot,NA,NA,NA,NA,78.32571810925778,7.996706175257935e-14
Shaqai Forde,NA,NA,NA,NA,78.32571810925778,7.996706175257935e-14
Jack Grieves,NA,NA,NA,NA,78.32571810925778,7.996706175257935e-14
James Morris,NA,NA,NA,NA,78.32571810925778,7.996706175257935e-14
Teemu Pukki,2022,Norwich City,Premier League,3253,77.24765916635711,-0.404428904465632
Grant Hanley,2022,Norwich City,Premier League,2897,79.1228357775865,0.29903506432137494
Max Aarons,2022,Norwich City,Premier League,2881,76.98047130402422,-0.5046632146222543
Kenny McLean,2022,Norwich City,Premier League,2706,73.80403989615067,-1.6962869962869878
Tim Krul,2022,Norwich City,Premier League,2610,80.16679803785597,0.6906727535263065
Ben Gibson,2022,Norwich City,Premier League,2494,77.0429031803081,-0.48124218046127204
Pierre Lees-Melou,2022,Norwich City,Premier League,2265,75.75590835504214,-0.9640524299963131
Milot Rashica,2022,Norwich City,Premier League,2229,73.9443797032118,-1.6436391565780142
Billy Gilmour,2022,Norwich City,Premier League,1855,77.52131933495073,-0.30176653808107123
Mathias Normann,2022,Norwich City,Premier League,1645,75.85436428545455,-0.9271171359318646
Josh Sargent,2022,Norwich City,Premier League,1572,72.50732969336592,-2.1827419254680436
Dimitris Giannoulis,2022,Norwich City,Premier League,1169,75.62243123510353,-1.0141257638742938
Sam Byram,2022,Norwich City,Premier League,1027,74.37945827553793,-1.480421410905478
Ozan Kabak,2022,Norwich City,Premier League,922,76.25021013353296,-0.7786173681502413
Kieran Dowell,2022,Norwich City,Premier League,912,72.9444744382127,-2.0187490645808306
Angus Gunn,NA,NA,NA,NA,78.32571810925778,7.996706175257935e-14
Lukas Rupp,NA,NA,NA,NA,78.32571810925778,7.996706175257935e-14
Adam Idah,NA,NA,NA,NA,78.32571810925778,7.996706175257935e-14
Jakob Sørensen,NA,NA,NA,NA,78.32571810925778,7.996706175257935e-14
Przemysław Płacheta,NA,NA,NA,NA,78.32571810925778,7.996706175257935e-14
Todd Cantwell,NA,NA,NA,NA,78.32571810925778,7.996706175257935e-14
Andrew Omobamidele,NA,NA,NA,NA,78.32571810925778,7.996706175257935e-14
Christos Tzolis,NA,NA,NA,NA,78.32571810925778,7.996706175257935e-14
Christoph Zimmermann,NA,NA,NA,NA,78.32571810925778,7.996706175257935e-14
Tony Springett,NA,NA,NA,NA,78.32571810925778,7.996706175257935e-14
Jon Rowe,NA,NA,NA,NA,78.32571810925778,7.996706175257935e-14
Bali Mumba,NA,NA,NA,NA,78.32571810925778,7.996706175257935e-14
Thomas Dickson-Peters,NA,NA,NA,NA,78.32571810925778,7.996706175257935e-14
Liam Gibbs,NA,NA,NA,NA,78.32571810925778,7.996706175257935e-14
Abu Kamara,NA,NA,NA,NA,78.32571810925778,7.996706175257935e-14
Jon McCracken,NA,NA,NA,NA,78.32571810925778,7.996706175257935e-14
Michael McGovern,NA,NA,NA,NA,78.32571810925778,7.996706175257935e-14
Jonathan Tomkinson,NA,NA,NA,NA,78.32571810925778,7.996706175257935e-14
