Age,Overall,Min,MP,Start%,MinPerMatch,npG90,npxG90,xA90,PassLiveSCA90,GCA90,ProgReceived90,SuccDrib90,DribSCA90,Drib%,ProgDistCarry90,ProgCarries90,ProgPassDist90,ProgPass90,Switch90,PassInt90,SuccPass90,FailedPass90,Miscontrols90,Disposs90,Tackle%,DribPast90,SuccPress90,Press%,TklWon90,Recov90,Blocks90,Int90,Err90,ADWon90,AD%,Fouls90,FoulsWon90,Tch90,Att3Tch90,AttPenTch90
23,79,3063,35,1,88,0.14691478942213518,0.07933398628795299,0.02350636630754163,0.5876591576885407,0.029382957884427033,0.23506366307541626,0.0881488736532811,0,100,162.10577864838393,4.2311459353574925,294.769833496572,2.438785504407444,1.1165523996082274,0.7345739471106758,52.77179236043095,6.052889324191969,0.23506366307541626,0.0881488736532811,1.9304603330068562,0.3525954946131244,2.5269343780607247,1.1371204701273263,1.0871694417238003,7.345739471106758,1.4397649363369247,1.1459353574926543,0.0881488736532811,1.9980411361410384,64.2,0.7051909892262488,1.2634671890303624,66.05288932419197,3.1439764936336925,1.2340842311459355
25,77,845,15,0.6,56,0.10650887573964496,0.03195266272189349,0,0.3195266272189349,0,0,0.10650887573964496,0,33.3,83.39644970414201,1.7041420118343193,225.0532544378698,1.4911242603550294,1.0650887573964496,0.7455621301775147,44.5207100591716,5.964497041420118,0.10650887573964496,0.3195266272189349,6.65680473372781,0.3195266272189349,2.0236686390532546,3.259171597633136,0.7455621301775147,9.372781065088757,2.662721893491124,1.5976331360946745,0,2.982248520710059,57.1,0.9585798816568047,0.42603550295857984,60.07100591715976,2.0236686390532546,0.6390532544378698
22,75,1679,21,0.9523809523809523,80,0,0.042882668254913645,0.03216200119118523,1.3400833829660512,0.2144133412745682,1.5544967242406194,0.37522334723049433,0,46.7,99.05896366885051,3.9130434782608696,289.45801072066706,2.9481834425253126,1.2328767123287672,1.2328767123287672,47.33174508636093,10.827873734365694,1.018463371054199,0.8040500297796308,2.8570577724836212,0.7504466944609887,3.7522334723049435,1.699225729600953,0.9112567004169149,10.559857057772485,1.9833234067897558,1.9297200714711138,0.05360333531864205,3.0553901131625967,52.8,1.072066706372841,0.7504466944609887,61.697438951757,16.777843954734962,1.125670041691483
23,76,2880,32,1,90,0,0.03125,0.01875,0.5625,0.03125,0.09375,0.21875,0,43.8,139.5625,3.125,294.21875,2.8125,1.28125,1.125,48.0625,7.96875,0.28125,0.34375,1.38125,0.75,2.5625,1.015625,0.71875,9.4375,1.6875,2.0625,0,2.125,60.2,0.6875,0.90625,64.09375,4.09375,0.65625
23,78,2477,29,1,85,0.07266855066612839,0.05450141299959629,0.010900282599919257,0.29067420266451355,0,0.25433992733144933,0.21800565199838515,0,75,61.00524828421478,1.0536939846588615,186.1041582559548,1.1990310859911182,0.6176826806620912,0.6540169559951554,30.884134033104562,4.396447315300767,0.3270084779975777,0.29067420266451355,1.9547840129188534,0.21800565199838515,2.3253936213161084,1.300767056923698,0.5086798546628987,6.649172385950747,1.56237383932176,1.6350423899878885,0.07266855066612839,2.1800565199838515,58.3,0.6176826806620912,1.3807024626564393,42.5111021396851,2.6160678239806217,1.2716996366572466
28,78,3189,36,0.9722222222222222,89,0.028222013170272814,0.03951081843838194,0.04233301975540922,0.5644402634054563,0.11288805268109126,0.28222013170272814,0.25399811853245535,0,81.8,103.26434619002823,1.8908748824082786,283.57478833490126,2.1166509877704613,1.0442144873000943,0.8184383819379116,35.89840075258702,8.692380056444026,0.1975540921919097,0.08466603951081844,1.4788334901222955,0.28222013170272814,1.8626528692380058,0.9172154280338665,0.5926622765757291,8.861712135465664,1.9755409219190971,2.2013170272812794,0.05644402634054563,2.6810912511759173,66,0.8184383819379116,0.7619943555973661,53.42427093132644,3.527751646284102,1.552210724365005
23,75,1995,24,0.9583333333333334,83,0.045112781954887216,0.03609022556390978,0.0631578947368421,0.9022556390977443,0.2706766917293233,0.8120300751879699,0.49624060150375937,0.045112781954887216,64.7,92.34586466165413,3.2932330827067666,237.60902255639095,3.3834586466165413,0.6766917293233082,1.4887218045112782,28.375939849624057,11.00751879699248,0.5864661654135338,0.49624060150375937,2.5082706766917293,0.7218045112781954,3.2932330827067666,1.5969924812030074,0.9924812030075187,8.390977443609023,1.6240601503759398,2.2105263157894735,0.045112781954887216,2.8421052631578947,62.4,0.8120300751879699,0.8571428571428571,43.26315789473684,8.300751879699249,1.3984962406015038
22,68,835,11,0.8181818181818182,76,0,0.010778443113772455,0.04311377245508982,0.43113772455089816,0,0.32335329341317365,0,0,0,120.50299401197604,2.1556886227544907,324.53892215568857,1.6167664670658681,0.32335329341317365,1.2934131736526946,41.7125748502994,12.179640718562872,0.10778443113772454,0.10778443113772454,8.978443113772453,0.10778443113772454,3.1257485029940115,4.279041916167665,0.7544910179640718,10.67065868263473,1.0778443113772453,0.9700598802395208,0,1.5089820359281436,58.3,0.9700598802395208,0.43113772455089816,52.49101796407185,7.760479041916167,0.8622754491017963
30,75,3321,37,1,90,0.08130081300813008,0.07859078590785908,0.013550135501355014,0.1897018970189702,0.10840108401084012,0.10840108401084012,0.08130081300813008,0,75,54.146341463414636,0.9214092140921409,182.1138211382114,1.4363143631436315,0.46070460704607047,0.7046070460704608,32.19512195121951,7.073170731707317,0.21680216802168023,0.08130081300813008,1.2791327913279134,0.5149051490514905,2.032520325203252,0.997289972899729,0.6775067750677507,10.13550135501355,1.5176151761517616,1.869918699186992,0.05420054200542006,3.5501355013550135,61.5,0.5420054200542006,0.3252032520325203,48.40108401084011,1.7344173441734418,1.3279132791327914
28,74,2694,32,1,84,0.03340757238307349,0.05011135857461024,0.04008908685968819,0.46770601336302897,0.10022271714922049,0.43429844097995546,0.16703786191536749,0,62.5,73.79732739420935,1.3028953229398663,300.20044543429844,1.9376391982182628,0.6347438752783965,1.0022271714922049,39.42093541202673,12.52783964365256,0.43429844097995546,0.23385300668151449,1.8574610244988865,0.5345211581291759,3.4075723830734965,1.212694877505568,1.269487750556793,11.659242761692651,1.6369710467706013,1.8708240534521159,0.03340757238307349,5.044543429844098,68,0.40089086859688194,0.6347438752783965,56.5924276169265,7.4832962138084635,1.8374164810690423
29,75,1022,13,0.9230769230769231,79,0.08806262230919765,0.11448140900195694,0,0.3522504892367906,0,0.1761252446183953,0.08806262230919765,0,50,106.55577299412916,2.3776908023483365,258.1115459882583,3.1702544031311155,1.1448140900195694,1.4090019569471623,44.647749510763205,10.215264187866927,0.5283757338551859,0.26418786692759294,2.9324853228962815,1.0567514677103718,4.050880626223091,2.8708414872798436,1.3209393346379648,8.806262230919765,2.5538160469667317,2.8180039138943247,0.1761252446183953,3.522504892367906,66.7,1.5851272015655578,0.26418786692759294,66.39921722113503,5.636007827788649,1.0567514677103718
29,75,1440,16,1,90,0,0.03125,0.00625,0.1875,0.0625,0.125,0,0,0,49.3125,0.8125,160.25,1.6875,0.4375,0.5,28.75,7.125,0.1875,0.125,4.16875,0.25,3.5,2.43125,0.75,10.8125,2.0625,1.8125,0,5.625,76.3,0.8125,0.3125,48.25,2.6875,1.4375
29,72,1436,18,0.8333333333333334,80,0.06267409470752089,0.08147632311977716,0.006267409470752089,0.37604456824512533,0.12534818941504178,0.12534818941504178,0.12534818941504178,0,100,94.13649025069638,1.7548746518105849,356.05153203342616,2.1935933147632314,1.6295264623955432,0.8147632311977716,56.030640668523674,7.082172701949861,0.18802228412256267,0.06267409470752089,2.412952646239554,0.5013927576601671,1.190807799442897,1.4038997214484679,0.564066852367688,9.526462395543176,2.1935933147632314,1.128133704735376,0.06267409470752089,5.076601671309192,77.9,1.2534818941504178,0.4387186629526462,73.45403899721448,3.8231197771587744,1.6295264623955432
29,78,2573,29,1,89,0.03497862417411582,0.04197434900893898,0.006995724834823164,0.384764865915274,0.06995724834823164,0.03497862417411582,0.1748931208705791,0,83.3,117.28332685581034,1.4341235911387487,378.3287990672367,1.8888457054022543,1.6789739603575593,1.2242518460940537,58.624174115818114,7.170617955693743,0.24485036921881073,0.13991449669646328,1.6160124368441509,0.24485036921881073,1.6789739603575593,1.3431791682860474,0.384764865915274,8.989506412747765,1.4691022153128643,1.6090167120093277,0.10493587252234746,3.1830547998445393,67.4,0.27982899339292655,0.2098717450446949,72.3008161678974,3.0081616789739605,1.1193159735717062
26,75,1434,22,0.7272727272727273,65,0.12552301255230125,0.06903765690376569,0.006276150627615063,0.6276150627615062,0.06276150627615062,0.18828451882845187,0.4393305439330544,0,87.5,195.94142259414227,4.7698744769874475,457.907949790795,4.581589958158996,2.196652719665272,1.6945606694560669,58.55648535564853,12.677824267782427,0.2510460251046025,0.2510460251046025,3.420502092050209,0.6276150627615062,2.8242677824267783,2.391213389121339,0.8158995815899581,11.610878661087867,2.196652719665272,1.5690376569037656,0.12552301255230125,4.142259414225942,78.6,1.1297071129707112,0.18828451882845187,80.52301255230125,7.154811715481172,1.00418410041841
20,71,1670,19,0.9473684210526315,88,0.10778443113772454,0.08622754491017964,0.048502994011976046,0.5389221556886227,0.05389221556886227,0.43113772455089816,0.16167664670658682,0.05389221556886227,37.5,53.946107784431135,1.401197604790419,210.77245508982034,2.4251497005988023,1.2395209580838322,0.6467065868263473,24.95209580838323,9.646706586826346,0.3772455089820359,0.21556886227544908,2.107185628742515,0.7544910179640718,2.9101796407185625,1.805389221556886,1.2395209580838322,12.449101796407184,2.586826347305389,1.994011976047904,0.05389221556886227,4.473053892215568,65.4,1.0778443113772453,0.7544910179640718,45.75449101796407,4.526946107784431,2.0479041916167664
31,79,1839,21,1,88,0.1468189233278956,0.08809135399673736,0.004893964110929854,0.24469820554649266,0,0.1468189233278956,0.19575856443719414,0,66.7,50.35889070146819,0.9298531810766721,247.87928221859707,2.300163132137031,1.9575856443719413,0.6362153344208809,26.37846655791191,9.543230016313213,0.19575856443719414,0.24469820554649266,2.4469820554649266,0.5383360522022839,1.9086460032626427,1.7520391517128873,0.7830342577487766,11.892332789559543,1.9575856443719413,1.7128874388254487,0,4.5024469820554645,71.3,0.6851549755301795,0.3915171288743883,46.34584013050571,2.4469820554649266,1.370309951060359
28,81,3106,35,1,89,0.028976175144880875,0.05795235028976175,0.017385705086928525,0.5795235028976174,0.05795235028976175,0.3477141017385705,0.20283322601416612,0,77.8,38.21957501609787,0.6664520283322601,230.96909207984544,2.6658081133290406,1.9703799098518995,0.8113329040566645,23.23889246619446,9.214423696072117,0.37669027688345136,0.1159047005795235,1.625563425627817,0.7244043786220219,2.723760463618802,1.0431423052157114,1.2169993560849968,10.92401802962009,2.6658081133290406,2.0862846104314228,0.14488087572440436,4.95492594977463,68.7,0.9851899549259497,0.6374758531873792,45.49259497746297,3.3032839665164198,1.9414037347070185
22,73,1449,20,0.85,72,0.18633540372670807,0.06211180124223602,0.012422360248447204,0.43478260869565216,0.06211180124223602,0.12422360248447203,0.6832298136645962,0,73.3,118.01242236024844,4.285714285714286,353.9130434782608,3.354037267080745,0.49689440993788814,0.9316770186335402,70.6832298136646,6.273291925465838,0.06211180124223602,0.37267080745341613,4.142857142857142,0.6211180124223602,3.726708074534161,2.260869565217391,1.3043478260869563,10,1.2422360248447204,2.0496894409937885,0.06211180124223602,2.1739130434782608,58.3,1.3664596273291925,0.9937888198757763,86.64596273291924,9.627329192546583,0.6211180124223602
25,80,1496,19,0.8947368421052632,79,0,0.02406417112299465,0.012032085561497326,0.4211229946524064,0,0.12032085561497326,0.36096256684491973,0.06016042780748663,100,143.60294117647058,3.669786096256684,416.9719251336898,4.151069518716577,1.2032085561497325,1.0227272727272727,70.1470588235294,6.617647058823529,0.12032085561497326,0.06016042780748663,4.012700534759358,0.30080213903743314,3.068181818181818,2.0755347593582885,0.7219251336898395,10.106951871657753,1.8048128342245988,3.1283422459893044,0.06016042780748663,3.6096256684491976,61.9,0.7820855614973261,0.4211229946524064,84.64572192513369,4.692513368983957,0.36096256684491973
28,83,3035,34,1,89,0.08896210873146623,0.08303130148270181,0.032619439868204286,1.0082372322899507,0.2372322899505766,0.5041186161449753,0.17792421746293247,0.029654036243822075,60,166.9818780889621,5.545304777594728,409.1070840197694,4.774299835255355,2.4909390444810544,1.2454695222405272,64.11202635914333,8.451400329489292,0.26688632619439867,0.5337726523887973,1.9334431630971995,0.4744645799011532,2.728171334431631,0.928171334431631,0.8303130148270181,8.42174629324547,1.2158154859967052,1.2751235584843492,0.029654036243822075,1.986820428336079,69.1,1.2158154859967052,0.4744645799011532,80.21416803953872,9.28171334431631,1.4530477759472817
36,85,2650,32,0.875,83,0.1018867924528302,0.03056603773584906,0.00679245283018868,0.7132075471698114,0.033962264150943396,0.13584905660377358,0.13584905660377358,0,66.7,235.3924528301887,6.962264150943397,596.0037735849057,4.550943396226415,1.5622641509433963,0.9849056603773585,79.64150943396227,6.079245283018868,0.2037735849056604,0.1018867924528302,1.4943396226415095,0.47547169811320755,1.9358490566037736,1.1173584905660376,0.7811320754716982,10.426415094339623,2.207547169811321,2.207547169811321,0,2.309433962264151,68,0.44150943396226416,0.5094339622641509,93.76981132075473,2.750943396226415,0.8150943396226416
25,77,2916,34,0.9411764705882353,86,0,0.018518518518518517,0.05555555555555556,0.8950617283950618,0.154320987654321,0.0617283950617284,0.1851851851851852,0,75,133.179012345679,1.9753086419753088,445.40123456790127,2.8703703703703707,3.3950617283950617,1.6049382716049383,55.95679012345679,11.851851851851853,0.0617283950617284,0.2469135802469136,1.5432098765432098,0.4320987654320988,1.7901234567901236,1.1388888888888888,0.7098765432098766,8.858024691358025,1.2654320987654322,1.8518518518518519,0.0617283950617284,2.5925925925925926,66.1,0.5864197530864198,0.2469135802469136,74.9074074074074,2.623456790123457,1.0185185185185186
21,73,3222,36,1,90,0.0558659217877095,0.05307262569832402,0.013966480446927375,0.5027932960893855,0.0558659217877095,0.0558659217877095,0.335195530726257,0,80,141.1173184357542,2.7653631284916202,395.78212290502796,2.7653631284916202,2.3184357541899443,1.11731843575419,55.53072625698324,7.960893854748604,0.223463687150838,0.13966480446927376,1.8072625698324025,0.1675977653631285,2.5418994413407825,1.1396648044692737,0.6145251396648045,9.497206703910615,1.2849162011173185,1.6201117318435756,0,2.374301675977654,59.4,0.5307262569832403,1.0335195530726258,70.53072625698324,2.374301675977654,0.8379888268156426
31,78,1974,27,0.8518518518518519,73,0,0.02735562310030395,0.031914893617021274,0.6382978723404256,0.04559270516717325,0.2735562310030395,0.5927051671732523,0.0911854103343465,65,47.462006079027354,1.0486322188449848,129.34650455927053,1.9604863221884499,0.3191489361702128,1.094224924012158,29.954407294832826,6.018237082066869,1.094224924012158,0.8206686930091185,2.0106382978723403,0.8662613981762918,5.243161094224924,1.3358662613981762,1.5501519756838906,11.808510638297872,2.689969604863222,2.0516717325227964,0,2.5531914893617023,67.5,1.6869300911854104,1.3677811550151975,47.68996960486322,5.243161094224924,0.364741641337386
23,77,2029,23,1,88,0,0.0487925086249384,0.031049778215869885,1.0645638245441105,0.08871365204534254,0.7097092163627403,0.2661409561360276,0.04435682602267127,60,65.47067520946278,1.9073435189748644,174.10054213898474,1.7299162148841793,0.3992114342040414,0.8871365204534254,26.835879743716117,8.117299162148841,0.3992114342040414,0.3992114342040414,2.3642188270083784,0.6209955643173978,3.947757516017743,1.4859536717594874,1.153277476589453,7.141448989650074,2.129127649088221,2.129127649088221,0.1330704780680138,2.2621981271562346,58.6,0.7540660423854115,0.6209955643173978,42.4494825036964,7.318876293740759,1.2863479546574668
24,77,2134,25,0.92,85,0.08434864104967198,0.04639175257731959,0.004217432052483599,0.12652296157450796,0.04217432052483599,0.04217432052483599,0.04217432052483599,0,50,51.19962511715089,0.8856607310215557,185.31396438612933,1.6026241799437675,1.6026241799437675,0.7591377694470478,23.786316776007496,10.0796626054358,0.08434864104967198,0.3373945641986879,1.9695407685098407,0.6747891283973758,3.289597000937207,1.4254920337394563,1.0965323336457358,9.868791002811621,1.2652296157450795,1.7713214620431115,0,3.205248359887535,68.5,1.1808809746954076,0.7169634489222118,42.08997188378631,2.319587628865979,0.5904404873477038
28,80,2792,32,0.96875,87,0.09670487106017192,0.03868194842406877,0.019340974212034383,0.29011461318051573,0.032234957020057305,0.19340974212034384,0.16117478510028654,0,71.4,59.82808022922636,1.5472779369627507,227.3531518624642,2.353151862464183,1.4505730659025788,0.7091690544412608,28.882521489971346,8.316618911174785,0.22564469914040114,0.09670487106017192,1.8728510028653296,0.5802292263610315,2.9978510028653296,1.315186246418338,1.1282234957020056,10.347421203438396,1.6439828080229226,1.9985673352435531,0.06446991404011461,3.900429799426934,62.7,0.5479942693409742,0.3545845272206304,47.03080229226361,1.9663323782234956,0.9348137535816619
26,79,846,13,0.8461538461538461,65,0,0.031914893617021274,0,0.2127659574468085,0,0.425531914893617,0,0,0,60.212765957446805,0.7446808510638298,190.2127659574468,1.276595744680851,1.3829787234042552,0.6382978723404255,30.74468085106383,6.808510638297872,0.3191489361702127,0.10638297872340426,6.840425531914893,0.5319148936170213,3.1914893617021276,4.5638297872340425,1.276595744680851,9.042553191489361,2.021276595744681,1.0638297872340425,0.10638297872340426,4.042553191489362,69.1,0.9574468085106382,0.9574468085106382,47.97872340425532,2.553191489361702,1.3829787234042552
29,75,1814,21,1,86,0,0.014884233737596472,0.004961411245865491,0.3472987872105844,0.09922822491730982,0.09922822491730982,0.14884233737596472,0,100,113.81477398015436,0.9922822491730982,317.3814773980154,2.183020948180816,1.3891951488423375,0.7938257993384785,47.5303197353914,8.18632855567806,0.29768467475192945,0.14884233737596472,2.7585446527012127,0.5953693495038589,3.6714443219404633,1.8257993384785005,0.8930540242557884,12.55237045203969,1.587651598676957,1.9845644983461963,0.14884233737596472,4.564498346196252,68.1,0.9426681367144433,0.6449834619625138,65.29217199558985,1.5380374862183022,0.5953693495038589
25,77,1574,20,0.85,79,0,0.040025412960609914,0.02858958068614994,0.914866581956798,0.05717916137229988,0.8005082592121983,0.2287166454891995,0,80,40.13977128335451,1.1435832274459976,182.9161372299873,2.1156289707750955,0.8576874205844982,1.2579415501905973,30.362134688691235,8.576874205844982,0.5717916137229988,0.40025412960609913,1.9040660736975858,1.3722998729351972,5.717916137229988,1.909783989834816,1.1435832274459976,9.60609911054638,1.886912325285896,1.944091486658196,0,3.0876747141041934,53.5,1.429479034307497,0.6289707750952986,48.0304955527319,5.432020330368489,0.972045743329098
27,77,2340,28,1,84,0.11538461538461539,0.05384615384615384,0.0038461538461538464,0.23076923076923078,0,0.07692307692307693,0.34615384615384615,0,81.8,177.03846153846155,2.1538461538461537,280.5,2.6923076923076925,1.4615384615384615,1.4230769230769231,42.61538461538461,9.076923076923077,0.2692307692307692,0.46153846153846156,2.176923076923077,0.8846153846153846,5.384615384615385,1.4923076923076921,1.3461538461538463,10.576923076923077,2.3461538461538463,2.3461538461538463,0.038461538461538464,2.4615384615384617,50,1.1153846153846154,1.0384615384615385,61.65384615384615,1.9230769230769231,0.5
21,74,2055,29,0.7586206896551724,71,0.043795620437956206,0.05693430656934307,0.013138686131386862,0.5693430656934307,0.08759124087591241,0.48175182481751827,0.17518248175182483,0,66.7,101.12408759124088,1.4890510948905111,268.86131386861314,3.153284671532847,1.4014598540145986,1.3138686131386863,46.37956204379562,6.744525547445256,0.21897810218978103,0.48175182481751827,2.4525547445255476,0.9635036496350365,6.131386861313869,1.5854014598540147,1.5328467153284673,10.072992700729927,2.496350364963504,2.759124087591241,0.13138686131386862,2.0583941605839415,56.6,1.27007299270073,0.43795620437956206,63.63503649635037,4.1605839416058394,0.6569343065693432
26,76,2123,28,0.8214285714285714,76,0,0,0.008478568064060292,0.6782854451248234,0.04239284032030146,0.04239284032030146,0.25435704192180875,0,75,124.6349505416863,2.5435704192180877,335.45454545454544,2.5011775788977864,0.9750353273669335,0.9326424870466321,57.35751295336787,5.171926519076778,0.16957136128120584,0.08478568064060292,2.119642016015073,0.6782854451248234,2.289213377296279,1.3311351860574658,0.5087140838436175,8.944889307583608,2.03485633537447,1.2717852096090438,0.08478568064060292,1.9076778144135658,54.2,0.7206782854451248,0.3815355628827131,71.09279321714556,2.585963259538389,0.25435704192180875
33,80,1348,18,0.8888888888888888,75,0.06676557863501484,0.04673590504451038,0.0400593471810089,0.46735905044510384,0.13353115727002968,0.13353115727002968,0.06676557863501484,0,50,104.42136498516321,2.2700296735905043,378.16023738872406,2.9376854599406528,0.9347181008902077,1.3353115727002967,54.21364985163205,10.949554896142434,0.20029673590504452,0.06676557863501484,3.8123145400593472,0.8011869436201781,3.271513353115727,2.6572700296735903,1.2017804154302671,12.01780415430267,1.4688427299703264,2.06973293768546,0,3.5385756676557865,74.6,1.0682492581602374,0.8011869436201781,71.439169139465875,2.6706231454005933,0.7344213649851632
20,78,630,7,1,90,0,0.028571428571428574,0,0.5714285714285714,0,0.14285714285714285,0.2857142857142857,0,100,234.42857142857142,5,340,2.142857142857143,0.5714285714285714,1.2857142857142858,64.57142857142857,7.428571428571429,0.14285714285714285,0.5714285714285714,11.114285714285714,0.2857142857142857,3.142857142857143,5.614285714285714,0.7142857142857143,10.857142857142858,0.8571428571428571,2.2857142857142856,0.14285714285714285,3.2857142857142856,65.7,1.2857142857142858,1.1428571428571428,79.85714285714286,2.4285714285714284,0.7142857142857143
25,80,2497,28,1,89,0.03604325190228274,0.05046055266319583,0.0036043251902282743,0.39647577092511016,0,0.07208650380456548,0.21625951141369645,0,66.7,114.14897877452944,2.0544653584301162,353.7645174209051,1.9102923508209853,1.8021625951141371,1.0452543051661995,56.5879054865839,9.08289947937525,0.2883460152182619,0.10812975570684823,2.1986383660392472,0.5766920304365238,3.3520224269122947,1.2939527432919504,1.0812975570684822,10.776932318782539,2.0184221065278334,1.8021625951141371,0.03604325190228274,3.5682819383259914,65.1,1.1533840608730477,0.5406487785342411,75.25830997196636,2.090508610332399,0.5406487785342411
30,89,3060,34,1,90,0.08823529411764706,0.07058823529411765,0.011764705882352941,0.5294117647058824,0.17647058823529413,0.23529411764705882,0.08823529411764706,0,75,106.73529411764706,2.911764705882353,487.11764705882354,3.0588235294117645,2.6176470588235294,0.7058823529411765,67.26470588235294,6.852941176470588,0.20588235294117646,0.14705882352941177,2.1558823529411764,0.11764705882352941,1.2941176470588236,1.0441176470588236,0.35294117647058826,12.058823529411764,0.9117647058823529,1.3823529411764706,0.029411764705882353,3.9705882352941178,77.1,0.29411764705882354,0.35294117647058826,80.32352941176471,2.588235294117647,1.5588235294117647
22,78,990,11,1,90,0,0.02727272727272727,0.009090909090909092,0.5454545454545454,0.18181818181818182,0.18181818181818182,0.2727272727272727,0,100,149.72727272727272,4.181818181818182,440.27272727272725,4.363636363636363,0.9090909090909091,0.8181818181818182,59.54545454545455,6.636363636363637,0.18181818181818182,0.18181818181818182,3.9,0.36363636363636365,2.090909090909091,2.4272727272727272,0.7272727272727273,11.636363636363637,1.3636363636363635,2.5454545454545454,0,3.727272727272727,71.9,1.1818181818181819,0.2727272727272727,74.63636363636364,1.9090909090909092,0.5454545454545454
29,83,2790,31,1,90,0.0967741935483871,0.1,0.03870967741935484,0.8387096774193549,0.2903225806451613,0.25806451612903225,0.41935483870967744,0,92.9,243.4516129032258,8.870967741935484,411.1290322580645,5.064516129032258,1.2580645161290323,1.032258064516129,65,7.193548387096774,0.25806451612903225,0.22580645161290322,1.8903225806451613,0.3870967741935484,2.870967741935484,1.367741935483871,1.1612903225806452,12.129032258064516,1.2258064516129032,2.129032258064516,0.03225806451612903,3.870967741935484,68.6,0.5161290322580645,0.6129032258064516,80.51612903225806,6,1.903225806451613
26,78,923,14,0.7142857142857143,66,0.1950162513542795,0.10725893824485373,0.048754062838569874,0.29252437703141926,0,0.1950162513542795,0,0,0,217.05308775731308,7.215601300108342,407.3889490790899,3.022751895991332,0.4875406283856988,0.6825568797399783,76.05633802816901,7.313109425785481,0.1950162513542795,0.09750812567713975,5.56771397616468,0.29252437703141926,2.2426868905742143,3.2080173347778977,0.4875406283856988,7.605633802816901,1.170097508125677,1.7551462621885157,0,3.99783315276273,83.7,0.780065005417118,0.4875406283856988,87.36728060671722,11.213434452871072,0.8775731310942578
24,87,2402,29,0.9310344827586207,83,0.07493755203996669,0.08243130724396337,0.08992506244796003,0.974188176519567,0.22481265611990006,0.29975020815986675,0.07493755203996669,0,40,248.4179850124896,8.95503746877602,429.69192339716903,3.9716902581182345,1.7235636969192338,0.6744379683597003,78.57202331390508,4.758534554537885,0.18734388009991673,0.07493755203996669,1.6411323896752705,0.33721898417985013,2.5478767693588673,1.6636136552872605,1.0116569525395502,8.130724396336387,1.0491257285595337,1.4238134887593672,0.037468776019983344,1.9858451290591173,59.6,1.1240632805995003,0.37468776019983346,89.17568692756036,4.159034138218152,1.199000832639467
27,86,2828,33,1,86,0.1272984441301273,0.14002828854314003,0.015912305516265914,0.8274398868458275,0.1272984441301273,0.2545968882602546,0.09547383309759548,0,60,305.1025459688826,11.202263083451204,526.9200848656294,6.301272984441302,2.036775106082037,0.6046676096181047,86.02192362093352,4.773691654879774,0.03182461103253183,0.2545968882602546,1.9094766619519095,0.31824611032531824,2.004950495049505,1.4416548797736917,0.541018387553041,9.165487977369166,0.7637906647807639,1.0502121640735502,0.06364922206506365,2.3231966053748234,67,0.47736916548797736,0.41371994342291374,95.66478076379067,5.632956152758133,1.3684582743988685
27,83,1119,14,0.8571428571428571,80,0.08042895442359249,0.08042895442359249,0.00804289544235925,0.9651474530831099,0.08042895442359249,0.24128686327077747,0.48257372654155495,0,85.7,219.49061662198392,8.36461126005362,366.91689008042897,3.4584450402144773,2.332439678284182,0.7238605898123325,72.78820375335121,5.710455764075067,0.40214477211796246,0.16085790884718498,4.021447721179625,0.16085790884718498,1.769436997319035,3.0482573726541555,0.32171581769436997,6.916890080428955,0.7238605898123325,1.3672922252010724,0.08042895442359249,4.343163538873995,83.1,0.24128686327077747,0.7238605898123325,82.5201072386059,7.640750670241287,0.8042895442359249
27,80,2355,28,0.9285714285714286,84,0,0.011464968152866241,0.01910828025477707,0.38216560509554137,0.11464968152866241,0.07643312101910828,0,0,0,116.7515923566879,2.789808917197452,273.7452229299363,2.254777070063694,1.375796178343949,0.6496815286624203,44.48407643312102,5.006369426751592,0.15286624203821655,0.11464968152866241,2.151592356687898,0.267515923566879,2.21656050955414,1.4292993630573247,0.38216560509554137,9.630573248407643,1.6050955414012738,1.9490445859872612,0.03821656050955414,2.4076433121019107,66.3,0.9171974522292993,0.3057324840764331,57.324840764331206,2.3312101910828025,0.535031847133758
28,84,2515,30,0.9333333333333333,84,0.03578528827037773,0.06083499005964215,0.007157057654075548,0.3936381709741551,0.03578528827037773,0.25049701789264417,0.10735586481113321,0.03578528827037773,60,139.59840954274355,3.9363817097415508,320.13518886679924,3.0775347912524853,2.5049701789264414,0.6083499005964215,47.23658051689861,6.8707753479125255,0.17892644135188868,0.14314115308151093,1.8572564612326043,0.46520874751491054,2.326043737574553,1.345526838966203,0.9304174950298211,10.163021868787277,1.646123260437376,1.89662027833002,0,3.6500994035785292,73.9,0.823061630218688,0.823061630218688,63.12524850894633,3.6143141153081513,1.4671968190854872
28,86,1831,22,0.9090909090909091,83,0.049153468050245765,0.03932277444019661,0.009830693610049153,0.4423812124522119,0.09830693610049153,0.1474604041507373,0.09830693610049153,0,40,130.8956854178045,2.998361551064992,292.2665210267613,2.015292190060076,2.0644456581103223,0.638995084653195,48.465319497542325,5.406881485527034,0.09830693610049153,0.049153468050245765,2.2364827962861824,0.5898416166029492,2.8509011469142544,1.7400327689787,0.7864554888039322,9.04423812124522,1.5729109776078645,1.7203713817586017,0.049153468050245765,3.0966684871654833,64.9,0.3440742763517204,0.3440742763517204,61.58929546695794,1.8678317859093392,0.7373020207536864
31,75,1014,13,0.9230769230769231,78,0,0.07100591715976332,0.02662721893491124,0.35502958579881655,0.08875739644970414,0.35502958579881655,0.2662721893491124,0,75,45,1.1538461538461537,140.41420118343194,1.331360946745562,0.2662721893491124,0.621301775147929,24.497041420118343,6.390532544378698,0.35502958579881655,0,5.325443786982248,0.5325443786982248,2.396449704142012,3.150887573964497,1.1538461538461537,7.633136094674556,1.242603550295858,1.331360946745562,0,3.0177514792899407,69.4,0.5325443786982248,0.621301775147929,39.230769230769226,3.1065088757396446,1.9526627218934909
27,77,2058,26,0.8461538461538461,79,0.043731778425655975,0.048104956268221574,0.013119533527696792,0.26239067055393583,0.043731778425655975,0.1749271137026239,0.043731778425655975,0,100,30.962099125364432,0.43731778425655976,136.92419825072886,0.9620991253644314,0.43731778425655976,0.5685131195335277,22.215743440233236,6.9533527696793005,0.30612244897959184,0.1749271137026239,1.7011661807580174,0.4810495626822157,2.2303206997084546,1.4475218658892128,0.4810495626822157,7.740524781341108,2.186588921282799,1.530612244897959,0,4.329446064139941,73.9,1.0058309037900874,0.1749271137026239,40.714285714285715,2.8862973760932946,2.142857142857143
29,76,2158,25,1,86,0.08341056533827618,0.05421686746987952,0.025023169601482854,0.6672845227062094,0.16682113067655235,0.12511584800741427,0.3336422613531047,0.08341056533827618,61.5,100.96848934198331,2.126969416126043,315.8758109360519,1.835032437442076,2.6274328081557,1.5430954587581094,28.317886932344763,11.427247451343836,0.16682113067655235,0.25023169601482853,2.8693234476367007,0.20852641334569044,1.9601482854494903,1.2970342910101946,0.458758109360519,8.674698795180722,1.5430954587581094,3.127896200185357,0.08341056533827618,2.126969416126043,53.1,1.376274328081557,0.54216867469879515,47.54402224281743,3.253012048192771,1.0843373493975903
28,72,2494,28,1,89,0,0.04330392943063352,0,0.36086607858861264,0.03608660785886127,0.07217321571772253,0.07217321571772253,0,40,99.95990376904571,2.2373696872493984,340.6214915797915,2.814755412991179,1.2630312750601442,0.6495589414595028,38.43223736968725,8.588612670408981,0.14434643143544507,0.14434643143544507,1.6419406575781876,0.2165196471531676,1.8404170008019245,1.2125100240577387,0.6134723336006415,7.217321571772253,2.020850040096231,1.7321571772253408,0.03608660785886127,2.4178027265437048,67,0.5052125100240578,0.36086607858861264,55.64554931836407,2.056936647955092,0.8299919807538091
29,75,2897,33,1,88,0.03106662064204349,0.059026579219882636,0.009319986192613048,0.15533310321021745,0,0.09319986192613047,0.12426648256817396,0,66.7,45.04659993096306,0.7145322747670003,175.4953400069037,0.9009319986192613,1.0562651018294786,0.3106662064204349,32.7131515360718,5.902657921988263,0.15533310321021745,0.03106662064204349,1.5005177770107005,0.4659993096306524,3.168795305488436,1.1774249223334483,1.1805315843976527,7.82878840179496,2.392129789437349,2.019330341732827,0.03106662064204349,3.6037279944770453,75.8,0.8698653779772177,0.7455988954090438,49.986192613047976,1.584397652744218,1.0562651018294786
21,76,922,11,1,84,0,0.019522776572668116,0,0.3904555314533623,0,0,1.366594360086768,0.09761388286334058,77.8,92.53796095444686,1.4642082429501087,223.2429501084599,1.7570498915401302,1.0737527114967462,0.8785249457700651,33.286334056399134,7.125813449023862,0.2928416485900217,0.5856832971800434,4.334056399132321,0.48806941431670287,3.7093275488069417,3.943600867678959,1.0737527114967462,7.809110629067246,1.8546637744034709,2.1475054229934925,0,2.8308026030368767,59.2,1.1713665943600868,1.2689804772234274,48.611713665943604,1.5618221258134493,0.48806941431670287
25,76,2629,31,0.967741935483871,85,0.13693419551160135,0.08216051730696082,0.020540129326740205,0.5477367820464054,0,0.13693419551160135,0.03423354887790034,0,50,68.02206162038797,0.9243058197033092,251.787751996957,1.7459109927729175,1.1297071129707112,0.5819703309243058,40.56675542031191,8.421453023963483,0.03423354887790034,0.13693419551160135,1.6637504754659567,0.6504374286801065,2.601749714720426,1.0920502092050208,0.7189045264359072,11.09166983643971,2.1909471281856217,3.2521871434005325,0,3.9026245720806387,65.5,1.300874857360213,0.5819703309243058,58.53936858120959,2.7729174591099275,1.0270064663370102
24,72,911,15,0.6,61,0,0.01975850713501647,0.009879253567508234,0.592755214050494,0.09879253567508234,0.19758507135016468,0.592755214050494,0,85.7,61.547749725576296,1.5806805708013174,208.35345773874863,1.8770581778265643,0.889132821075741,1.2843029637760703,27.365532381997806,9.088913282107574,0.19758507135016468,0.49396267837541163,3.5268935236004397,0.889132821075741,4.248079034028541,4.287596048298573,1.3830954994511526,8.496158068057081,2.7661909989023052,2.8649835345773877,0.09879253567508234,2.074643249176729,58.3,1.5806805708013174,0.7903402854006587,49.09989023051592,2.2722283205268936,0.6915477497255763
22,76,2972,34,0.9705882352941176,87,0,0.05450874831763122,0.015141318977119783,0.6359353970390309,0.0908479138627187,0.15141318977119783,0.2725437415881561,0,64.3,105.95895020188424,3.361372812920592,342.13324360699863,3.573351278600269,0.6056527590847913,1.3627187079407805,41.6386271870794,12.264468371467025,0.24226110363391654,0.5148048452220726,1.7230820995962313,0.9387617765814266,4.481830417227456,1.2325033647375505,1.816958277254374,12.022207267833108,2.08950201884253,2.8162853297442796,0.15141318977119783,3.8761776581426646,67.4,1.4838492597577388,0.39367429340511434,64.01749663526245,6.238223418573351,1.0296096904441452
27,74,811,11,0.8181818181818182,74,0,0,0.03329223181257707,0.5548705302096177,0,0.2219482120838471,0.11097410604192355,0,50,115.8569667077682,2.7743526510480887,257.90382244143035,2.6633785450061653,1.220715166461159,1.1097410604192355,38.61898890258939,10.764488286066584,0.11097410604192355,0.2219482120838471,3.695437731196054,1.3316892725030827,3.662145499383477,3.983970406905055,1.3316892725030827,10.764488286066584,1.7755856966707768,2.996300863131936,0,2.1085080147965476,54.3,1.220715166461159,0.33292231812577067,58.70530209617756,2.3304562268803948,0.33292231812577067
27,79,3071,35,1,88,0,0.029306414848583526,0.041028980788016936,0.6447411266688375,0.1172256593943341,0.14653207424291761,0,0,0,153.06740475415174,3.1357863887984374,425.23607945294697,2.725496580918268,1.729078476066428,1.055030934549007,57.70433083686096,7.531748616085966,0.08791924454575058,0.05861282969716705,0.9026375773363726,0.26375773363725175,2.051449039400847,1.1341582546401825,0.38098339303158585,7.033539563660046,1.6411592315206773,1.3774014978834257,0,2.6082709215239337,63.6,0.5275154672745035,0.38098339303158585,72.65060240963857,1.729078476066428,0.5861282969716705
23,82,1844,22,0.9545454545454546,84,0.04880694143167029,0.0341648590021692,0.024403470715835145,0.683297180043384,0.09761388286334058,0.341648590021692,0.43926247288503256,0,64.3,151.15509761388287,3.8557483731019526,346.2852494577007,2.537960954446855,1.4154013015184383,1.4642082429501087,54.51735357917571,7.857917570498916,0.5368763557483731,0.3904555314533623,2.8356832971800436,0.8785249457700651,5.5151843817787425,1.7375271149674623,2.1963123644251628,9.712581344902388,2.4403470715835143,2.7819956616052064,0.04880694143167029,2.4403470715835143,62.5,1.7570498915401302,0.8297180043383948,73.16160520607376,4.295010845986985,0.8785249457700651
25,79,1631,23,0.7391304347826086,71,0.1103617412630288,0.11587982832618025,0.02207234825260576,0.8277130594727161,0.0551808706315144,0.275904353157572,0.16554261189454322,0,60,124.15695892090741,5.683629675045983,299.1906805640711,2.869405272838749,1.4347026364193745,0.8277130594727161,53.635806253832,6.400980993255671,0.16554261189454322,0.551808706315144,3.272225628448804,0.6069895769466584,3.6419374616799507,1.9589209074187615,1.213979153893317,8.442673206621704,1.9313304721030042,1.8761496014714898,0,3.0901287553648067,59.6,0.8828939301042305,0.6621704475781729,69.6934396076027,6.456161863887186,1.213979153893317
22,74,735,11,0.9090909090909091,67,0,0.0489795918367347,0.0489795918367347,0.2448979591836735,0,1.469387755102041,0.3673469387755102,0,50,116.69387755102042,4.285714285714286,214.2857142857143,2.2040816326530615,0.979591836734694,1.5918367346938778,40.04081632653062,8.448979591836736,0.489795918367347,1.1020408163265307,7.530612244897959,0.6122448979591837,4.408163265306123,4.004081632653062,1.469387755102041,5.63265306122449,1.959183673469388,2.0816326530612246,0,2.3265306122448983,65.5,2.4489795918367347,1.2244897959183674,54.85714285714286,14.081632653061225,1.3469387755102042
32,72,2396,31,0.8709677419354839,77,0,0.0037562604340567614,0.011268781302170282,0.18781302170283806,0,0.11268781302170283,0,0,0,37.82554257095158,0.48831385642737896,189.46577629382304,1.5025041736227045,1.6903171953255425,0.5258764607679466,27.871452420701168,6.573455759599332,0.07512520868113522,0.15025041736227043,1.7691986644407345,0.676126878130217,1.9156928213689481,1.1606844741235391,0.5634390651085142,8.226210350584306,2.0659432387312187,1.4273789649415691,0.07512520868113522,2.3664440734557597,60,0.5258764607679466,0.2629382303839733,42.257929883138566,2.2537562604340566,0.3756260434056761
30,75,1193,16,0.75,75,0,0.052808046940486165,0,0.3017602682313495,0,0.15088013411567475,0,0,0,45.565800502933776,0.9807208717518859,198.1810561609388,1.8860016764459344,0.3017602682313495,0.603520536462699,27.158424140821456,7.242246437552389,0,0.3017602682313495,4.526404023470243,0.15088013411567475,2.6404023470243083,3.1835708298407375,0.4526404023470243,8.751047778709136,2.4895222129086334,1.9614417435037719,0.15088013411567475,3.772003352891869,74.6,0.4526404023470243,0.3017602682313495,43.981559094719195,1.4333612740989101,0.8298407376362111
27,73,1390,17,0.8823529411764706,82,0,0.006474820143884893,0.006474820143884893,0.19424460431654675,0,0.12949640287769784,0.06474820143884892,0,50,89.15827338129496,1.4244604316546763,237.94964028776977,2.0071942446043165,1.8776978417266186,0.7122302158273381,28.489208633093526,7.575539568345324,0,0,3.528776978417266,0.3237410071942446,2.460431654676259,2.317985611510791,0.6474820143884892,7.446043165467626,1.8776978417266186,1.4892086330935252,0.06474820143884892,2.0719424460431655,65.3,1.1007194244604317,0.06474820143884892,44.8705035971223,1.0359712230215827,0.2589928057553957
31,77,2754,34,0.8823529411764706,81,0.06535947712418301,0.09477124183006536,0.016339869281045753,0.19607843137254902,0.16339869281045752,0.19607843137254902,0.06535947712418301,0.032679738562091505,100,64.54248366013071,1.5686274509803921,233.62745098039215,1.4705882352941175,1.2418300653594772,0.9803921568627451,33.169934640522875,7.156862745098039,0.06535947712418301,0.19607843137254902,1.4509803921568627,0.49019607843137253,2.1895424836601305,1.1013071895424837,0.6862745098039216,8.660130718954248,2.156862745098039,0.9803921568627451,0.032679738562091505,3.366013071895425,64.8,1.3071895424836601,0.39215686274509803,49.44444444444444,2.418300653594771,1.3725490196078431
24,77,963,13,0.7692307692307693,74,0,0.009345794392523366,0.009345794392523366,0.1869158878504673,0.09345794392523366,0,0,0,0,87.28971962616824,1.7757009345794394,249.06542056074767,1.4018691588785048,0.4672897196261683,0.3738317757009346,37.757009345794394,6.074766355140187,0.09345794392523366,0.09345794392523366,1.869158878504673,0.7476635514018692,2.6168224299065423,3.635514018691589,0.28037383177570097,8.971962616822431,2.149532710280374,1.5887850467289721,0,1.7757009345794394,48.7,0.5607476635514019,0.4672897196261683,51.86915887850468,0.9345794392523366,0.4672897196261683
33,80,921,11,1,84,0.09771986970684039,0.02931596091205212,0,0.19543973941368079,0.09771986970684039,0.09771986970684039,0,0,0,69.77198697068404,0.5863192182410424,219.28338762214986,0.977198697068404,0.09771986970684039,0.19543973941368079,38.306188925081436,5.863192182410424,0,0.09771986970684039,2.7947882736156355,0.488599348534202,1.5635179153094463,3.1270358306188926,0.7817589576547231,7.622149837133551,0.6840390879478828,1.2703583061889252,0,2.5407166123778504,68.4,0.488599348534202,0.2931596091205212,51.10749185667753,1.3680781758957656,0.7817589576547231
26,81,2078,24,1,87,0.04331087584215592,0.03897978825794033,0,0.2165543792107796,0,0.12993262752646775,0.08662175168431184,0,50,74.538017324350335,1.4292589027911453,213.609239653513,1.3426371511068336,0.9961501443695862,0.17324350336862368,36.59769008662175,4.547641963426371,0.17324350336862368,0.08662175168431184,2.165543792107796,0.17324350336862368,1.5158806544754573,1.4162656400384988,0.2165543792107796,7.102983638113571,1.645813282001925,2.0356111645813284,0,2.3820981713185754,68.8,0.519730510105871,0.4331087584215592,51.1934552454283,1.5158806544754573,0.6929740134744947
30,79,900,10,1,90,0,0.02,0.01,0.1,0,0,0.4,0,80,83.5,2,352.6,1.5,0.2,1.2,45,9.1,0.2,0.2,5.33,0.7,4.3,3.91,2.2,10.2,2.1,1.9,0,2.6,54.2,0.9,0.2,63.2,2.1,0.7
28,79,3361,38,1,88,0.10711097887533473,0.053555489437667365,0,0.18744421303183578,0,0.08033323415650105,0.026777744718833683,0,50,77.76257066349301,0.9104433204403453,279.9345432906873,1.178220767628682,1.4192204700981852,0.5623326390955073,39.39006248140435,4.311216899732223,0.053555489437667365,0.053555489437667365,1.2371318060101162,0.37488842606367156,1.8208866408806905,0.923832192799762,0.4819994049390063,6.292770008925915,1.7137756620053557,1.178220767628682,0,1.0443320440345136,57.4,0.5623326390955073,0.08033323415650105,50.60993751859566,0.8836655757215115,0.4819994049390063
24,70,2687,30,1,90,0.033494603647190174,0.033494603647190174,0,0.20096762188314105,0.033494603647190174,0.23446222553033125,0.4354298474134723,0.033494603647190174,76.5,121.11648678823968,3.6844064011909192,320.4763676963156,3.081503535541496,1.4737625604763678,0.7033866765909937,42.83959806475624,6.598436918496465,0.3014514328247116,0.3014514328247116,2.029772981019725,0.4354298474134723,3.081503535541496,1.2828433196873836,1.1053219203572757,7.971715668031262,1.7417193896538892,2.143654633420171,0.033494603647190174,2.8805359136583553,66.7,0.7368812802381839,0.5359136583550428,58.38109415705248,3.5169333829549685,0.7368812802381839
31,78,2705,31,1,87,0.066543438077634,0.08983364140480592,0.013308687615526803,0.46580406654343803,0,0.19963031423290203,0.16635859519408502,0,62.5,97.2532347504621,2.428835489833641,460.2144177449168,3.9926062846580406,1.2975970425138632,1.8299445471349352,47.07948243992606,10.081330868761553,0.16635859519408502,0.266173752310536,1.8731977818853973,0.46580406654343803,3.4269870609981514,1.2110905730129389,1.2643253234750462,8.65064695009242,2.0295748613678373,2.6950092421441774,0.033271719038817,2.7948243992606283,66.1,1.164510166358595,0.598890942698706,68.57301293900184,4.2255083179297594,1.164510166358595
